{"position": [-0.09156875550955182, 0.10215377970489546, 0.050383628103382705], "orientation": [0, 0, 0, 1]}