{"position": [0.008533618832858619, 0.012661674931113174, 0.08606427324589208], "orientation": [0, 0, 0, 1]}