{"position": [0.0165067217423615, 0.017072363616964223, 0.03331643412964579], "orientation": [0, 0, 0, 1]}