{"position": [-0.1273802315234293, 0.010744920798220576, 0.08082886930687468], "orientation": [0, 0, 0, 1]}