{"position": [-0.058433229025063226, -0.08517347670434208, 0.0325], "orientation": [0.0, 0.0, 0.1021183116350388, 0.9947722605847075]}