{"position": [-0.06682791369085549, -0.03864497102314057, 0.0325], "orientation": [0.0, 0.0, 0.7141386488131954, -0.7000042787521112]}