{"position": [-0.11568284257570709, -0.044527999868335826, 0.054559903895488676], "orientation": [0, 0, 0, 1]}