{"position": [-0.009285798602476534, -0.03826505086470836, 0.0325], "orientation": [0.0, 0.0, 0.9537988055916208, -0.300446065795506]}