{"position": [-0.025978644434827763, -0.12140627653397462, 0.08972779150587037], "orientation": [0, 0, 0, 1]}