{"position": [-0.05746187174615072, -0.04545129930858509, 0.06909053748623215], "orientation": [0, 0, 0, 1]}