{"position": [0.13179275761299145, -0.0030590678780365393, 0.0325], "orientation": [0.0, 0.0, 0.4229533078744066, 0.9061514770490072]}