{"position": [0.02234734760531088, 0.09205883133619824, 0.09044197171710151], "orientation": [0, 0, 0, 1]}