{"position": [-0.013624152005864235, 0.058524102354026705, 0.08503925373720198], "orientation": [0, 0, 0, 1]}