{"position": [-0.014714514437491099, 0.13304413041586402, 0.0325], "orientation": [0.0, 0.0, 0.21775559062467925, 0.9760033313220284]}