{"position": [0.08063684130720201, 0.04910977627571698, 0.0325], "orientation": [0.0, 0.0, 0.9214375027617332, 0.3885266123500692]}