{"position": [0.10446429896889696, -0.06471405957831194, 0.0325], "orientation": [0.0, 0.0, 0.9617341558290129, -0.2739843307779769]}