{"position": [-0.06348278196508352, -0.012192233125028991, 0.083601204655014], "orientation": [0, 0, 0, 1]}