{"position": [0.017752835632420114, -0.042767388971946894, 0.0325], "orientation": [0.0, 0.0, 0.694334036551135, 0.7196528647109015]}