{"position": [0.09872707941425238, -0.09358064560136936, 0.0325], "orientation": [0.0, 0.0, 0.1634388032875431, 0.9865534742627668]}