{"position": [0.04266867676883118, -0.08568446875493058, 0.0325], "orientation": [0.0, 0.0, 0.9928227383662084, -0.11959519297623658]}