{"position": [0.002715765066940019, 0.028192792637759107, 0.0325], "orientation": [0.0, 0.0, 0.9960743321603325, 0.0885207592113156]}