{"position": [-0.06949120465022335, -0.06627058325515096, 0.0325], "orientation": [0.0, 0.0, 0.3580512319458716, -0.9337019413613981]}