{"position": [0.038017744834643395, 0.007933201830952618, 0.06357464016861591], "orientation": [0, 0, 0, 1]}