{"position": [0.06798314221217867, 0.08606044988083021, 0.0325], "orientation": [0.0, 0.0, 0.2956895951495939, -0.9552840746711259]}