{"position": [-0.029508274557833395, 0.027844473223038485, 0.07439356755419979], "orientation": [0, 0, 0, 1]}