{"position": [0.005408039682023524, 0.025533454334330304, 0.09817737907185436], "orientation": [0, 0, 0, 1]}