{"position": [0.05746075338052694, 0.0954058588059564, 0.03677529639429353], "orientation": [0, 0, 0, 1]}