{"position": [-0.1337361626062144, -0.014699279333990057, 0.05343171609389242], "orientation": [0, 0, 0, 1]}