{"position": [0.06217686366669689, 0.026942216939323232, 0.038333181014176834], "orientation": [0, 0, 0, 1]}