{"position": [0.012018582149267917, -0.13008103633807228, 0.0325], "orientation": [0.0, 0.0, 0.01881163808813381, -0.9998230454797694]}