{"position": [-0.05350206722928173, 0.0005913118750805999, 0.0325], "orientation": [0.0, 0.0, 0.6056365246178914, 0.7957414153157809]}