{"position": [0.05892583786905145, 0.016047631754358027, 0.0325], "orientation": [0.0, 0.0, 0.45200498370379877, 0.8920154116980987]}