{"position": [-0.09737252584420603, 0.03213003831365501, 0.0325], "orientation": [0.0, 0.0, 0.7891059776110138, 0.6142570765555463]}