{"position": [0.00834641373582868, -0.1196612163510433, 0.09108395008488315], "orientation": [0, 0, 0, 1]}