{"position": [0.032206438774914296, -0.13015398845297846, 0.09953373502396246], "orientation": [0, 0, 0, 1]}