{"position": [-0.01669534043140331, -0.1289934765212083, 0.0325], "orientation": [0.0, 0.0, 0.12767639560614116, -0.9918158790849358]}