{"position": [0.09705857573228065, 0.023148902630891213, 0.0529861844124493], "orientation": [0, 0, 0, 1]}