{"position": [0.04073703855382249, -0.014725653749637668, 0.09259528600225025], "orientation": [0, 0, 0, 1]}