{"position": [0.02677258461550938, -0.08930577097518853, 0.0325], "orientation": [0.0, 0.0, 0.9874743805850549, -0.15777942732866707]}