{"position": [0.03814369382922309, -0.057351621764283656, 0.0325], "orientation": [0.0, 0.0, 0.6650384646910518, 0.7468091057836459]}