{"position": [0.11321743076406957, -0.06800764506684402, 0.0325], "orientation": [0.0, 0.0, 0.34097013278682897, -0.9400741292830753]}