{"position": [-0.03623633185608129, 0.013578797389203834, 0.0325], "orientation": [0.0, 0.0, 0.6962550882734522, -0.7177944357915623]}