{"position": [0.009131720820143992, -0.0810826770053545, 0.062585730772602], "orientation": [0, 0, 0, 1]}