{"position": [-0.00048033671721710574, -0.040431091138922653, 0.05866070026996362], "orientation": [0, 0, 0, 1]}