{"position": [0.008043327051726246, -0.006030030302197917, 0.0325], "orientation": [0.0, 0.0, 0.5722003269910776, -0.8201138858666545]}