{"position": [-0.0038596255183922018, 0.11209804386423226, 0.0325], "orientation": [0.0, 0.0, 0.9996380625110989, 0.026902490201769505]}