{"position": [0.009246652584314735, -0.02734269987450374, 0.0325], "orientation": [0.0, 0.0, 0.4956382018033579, 0.8685290858187387]}