{"position": [-0.024593025407575145, 0.10271258182111355, 0.0325], "orientation": [0.0, 0.0, 0.9057330404864405, 0.4238486278982012]}