{"position": [-0.04245529075363606, -0.11583143612778118, 0.08860406022644687], "orientation": [0, 0, 0, 1]}