{"position": [-0.055706942586317906, 0.017806991817012528, 0.05165360244186061], "orientation": [0, 0, 0, 1]}