{"position": [-0.03889194593973542, 0.10918239989871836, 0.0325], "orientation": [0.0, 0.0, 0.9997454704047932, 0.022560904350195102]}