{"position": [0.05366353045738811, 0.0804192725910125, 0.06710034392102321], "orientation": [0, 0, 0, 1]}