{"position": [0.07828951806981924, -0.09659304218537726, 0.07589690129370366], "orientation": [0, 0, 0, 1]}