{"position": [-0.060913073074244595, -0.10335072263511771, 0.05110963592890816], "orientation": [0, 0, 0, 1]}