{"position": [0.01562630377845411, -0.027653864535710414, 0.0325], "orientation": [0.0, 0.0, 0.8190226131084827, -0.5737612388589463]}