{"position": [0.06714346301512694, -0.07851209855734544, 0.06920847051292893], "orientation": [0, 0, 0, 1]}