{"position": [-0.05201886233741337, 0.08088389133581418, 0.06779622525883128], "orientation": [0, 0, 0, 1]}