{"position": [0.05756903882416341, -0.10226465204973723, 0.0325], "orientation": [0.0, 0.0, 0.8180904798969493, -0.5750895292925955]}