{"position": [0.0026153381643876164, -0.03949841094861462, 0.041545219402957446], "orientation": [0, 0, 0, 1]}