{"position": [0.05611263167752828, 0.009134449089158244, 0.0325], "orientation": [0.0, 0.0, 0.43937167408372296, -0.8983053667950931]}