{"position": [-0.0250132168525768, 0.1347846800594026, 0.08889062057645372], "orientation": [0, 0, 0, 1]}