{"position": [-0.06240255523980195, 0.007069267304533623, 0.09930077367709539], "orientation": [0, 0, 0, 1]}