{"position": [-0.11452535866291362, -0.046410242922119184, 0.09750038745048141], "orientation": [0, 0, 0, 1]}