{"position": [-0.038942934152829484, 0.022129114783601984, 0.0325], "orientation": [0.0, 0.0, 0.8878475291036481, 0.4601377674833342]}