{"position": [-0.058546477123853996, -0.009175631600227746, 0.08608281869538945], "orientation": [0, 0, 0, 1]}