{"position": [-0.04473120704535648, 0.0659231181091736, 0.0325], "orientation": [0.0, 0.0, 0.5581905645068463, -0.829712777830695]}