{"position": [-0.05194219381364031, 0.11233843202575676, 0.0325], "orientation": [0.0, 0.0, 0.4867315726052999, 0.8735515876175669]}