{"position": [0.07419663493630169, -0.10386824322366967, 0.0325], "orientation": [0.0, 0.0, 0.13330440283924738, 0.9910751415425935]}