{"position": [-0.0875074971678067, -0.06809640948106041, 0.034068951138378885], "orientation": [0, 0, 0, 1]}