{"position": [-0.13474670491686802, -0.02385623331498972, 0.0325], "orientation": [0.0, 0.0, 0.4916502403365044, 0.870792765919112]}