{"position": [0.03779001667317959, 0.010217625737749035, 0.0325], "orientation": [0.0, 0.0, 0.9835637924929862, -0.18056097611835714]}