{"position": [-0.10716431154046055, 0.018709031174144544, 0.0325], "orientation": [0.0, 0.0, 0.7076020678135179, -0.7066111473972326]}