{"position": [0.12230539236593706, -0.017673090880284764, 0.07868540513747282], "orientation": [0, 0, 0, 1]}