{"position": [-0.05294388215416655, -0.03733865527520777, 0.0978100739159223], "orientation": [0, 0, 0, 1]}