{"position": [-0.07655197848539992, 0.1002856943918305, 0.0325], "orientation": [0.0, 0.0, 0.9331565166997492, 0.3594703260921417]}