{"position": [0.075521925443155, -0.10643391041486681, 0.09216046476157863], "orientation": [0, 0, 0, 1]}