{"position": [0.03456980442075968, -0.11972243356058718, 0.07802414998330279], "orientation": [0, 0, 0, 1]}