{"position": [0.05215425206056662, 0.12214037182605228, 0.0325], "orientation": [0.0, 0.0, 0.4107787280253923, 0.9117350693056843]}