{"position": [0.0563021013966177, 0.016195412035468267, 0.07911477764944837], "orientation": [0, 0, 0, 1]}