{"position": [-0.11017917277332669, 0.059900119948685035, 0.0325], "orientation": [0.0, 0.0, 0.19462291218691094, 0.9808781382271122]}