{"position": [0.055218146698023884, 0.03732437500905845, 0.08174784138360451], "orientation": [0, 0, 0, 1]}