{"position": [0.04716287548263077, -0.11132850213226674, 0.04823436835058682], "orientation": [0, 0, 0, 1]}