{"position": [-0.09938335016090682, 0.08614135902554498, 0.0325], "orientation": [0.0, 0.0, 0.47880557406816887, 0.8779209658285029]}