{"position": [-0.13091960953274073, 0.00038496322527428403, 0.09311347586082053], "orientation": [0, 0, 0, 1]}