{"position": [0.1037724374299051, 0.008159061848602595, 0.0325], "orientation": [0.0, 0.0, 0.5863257950632106, -0.8100753434363337]}