{"position": [-0.06705796951721889, -0.04929849950103255, 0.04277272345887252], "orientation": [0, 0, 0, 1]}