{"position": [0.05426704117378438, 0.11077253414937406, 0.0325], "orientation": [0.0, 0.0, 0.5236902419107874, 0.8519087571608952]}