{"position": [0.038554983160262124, 0.06124628177223604, 0.0325], "orientation": [0.0, 0.0, 0.4519659995935169, -0.8920351647841205]}