{"position": [-0.12093527441758442, -0.05065267569708732, 0.04119550608762913], "orientation": [0, 0, 0, 1]}