{"position": [0.001776556234821458, 0.03171282857623713, 0.0325], "orientation": [0.0, 0.0, 0.6458207034349095, -0.7634891086419234]}