{"position": [-0.09910773940541776, -0.011411787233918726, 0.0325], "orientation": [0.0, 0.0, 0.9789251535367967, -0.20421935210199618]}