{"position": [-0.10519390930678034, 0.01658516599752505, 0.0325], "orientation": [0.0, 0.0, 0.9976935209161838, -0.06787958693059659]}