{"position": [-0.04116958852144813, 0.02785411280345673, 0.09567750544861155], "orientation": [0, 0, 0, 1]}