{"position": [0.026741882552607118, 0.011686338046632569, 0.0325], "orientation": [0.0, 0.0, 0.7742144536365756, -0.6329233601157559]}