{"position": [0.07115942344195604, -0.010363907930308511, 0.0325], "orientation": [0.0, 0.0, 0.9121282211830972, 0.40990499889774307]}