{"position": [-0.02561899372485979, 0.028479323825351347, 0.0325], "orientation": [0.0, 0.0, 0.949405921444207, -0.3140515822706139]}