{"position": [0.03373353741940208, -0.06907322124009557, 0.03645230088400337], "orientation": [0, 0, 0, 1]}