{"position": [-0.0071626280687426425, -0.0908630209685679, 0.06959030079778097], "orientation": [0, 0, 0, 1]}