{"position": [-0.11244171980237022, 0.07112301754708793, 0.06247728818115981], "orientation": [0, 0, 0, 1]}