{"position": [0.03415108241008338, -0.07727775617764245, 0.07237182552377745], "orientation": [0, 0, 0, 1]}