{"position": [-0.028399572032622142, 0.05998558983910479, 0.0325], "orientation": [0.0, 0.0, 0.5423749778251934, 0.8401365266604713]}