{"position": [-0.011056564569874049, -0.10271374766463243, 0.08876756625180693], "orientation": [0, 0, 0, 1]}