{"position": [0.007956265058567146, 0.11823904503613986, 0.0325], "orientation": [0.0, 0.0, 0.9421533617493549, -0.3351821041529353]}