{"position": [-0.017444440489703585, 0.13134005452845743, 0.06272907643059453], "orientation": [0, 0, 0, 1]}