{"position": [-0.025410953002551723, -0.06337935507797517, 0.0325], "orientation": [0.0, 0.0, 0.6570256494705948, 0.753868221864898]}