{"position": [0.09909486317975455, -0.08652887637207998, 0.06250551231923371], "orientation": [0, 0, 0, 1]}