{"position": [0.023384416522227405, 0.1105255033136244, 0.0325], "orientation": [0.0, 0.0, 0.8529230066816025, -0.5220367273221445]}