{"position": [0.08259465318549433, 0.058369077124156406, 0.04331194226559128], "orientation": [0, 0, 0, 1]}