{"position": [-0.09417444601486907, 0.07506193296516947, 0.04997166171001782], "orientation": [0, 0, 0, 1]}