{"position": [0.040503929846906164, 0.03901969188210026, 0.0325], "orientation": [0.0, 0.0, 0.9503085630683752, 0.3113095484544602]}