{"position": [0.0021639386741984174, -0.003299420372526749, 0.0325], "orientation": [0.0, 0.0, 0.9318369773233286, 0.36287717990102725]}