{"position": [0.03199962542104807, -0.03162503648915643, 0.0325], "orientation": [0.0, 0.0, 0.5230442707488699, -0.852305514963257]}