{"position": [0.11422885862748323, -0.06922666729523666, 0.09987784037843529], "orientation": [0, 0, 0, 1]}