{"position": [0.01461675077989239, 0.007040473445657316, 0.0829347716234645], "orientation": [0, 0, 0, 1]}