{"position": [-0.03965348478350179, -0.11828204846671858, 0.0325], "orientation": [0.0, 0.0, 0.018575948639358734, -0.9998274521796988]}