{"position": [0.034273104309306385, 0.10476023076091898, 0.08482333014398404], "orientation": [0, 0, 0, 1]}