{"position": [-0.10052680045492837, 0.06816878211083986, 0.0325], "orientation": [0.0, 0.0, 0.22092254807442788, 0.9752913553150679]}