{"position": [0.05110973575308286, 0.08918917586574307, 0.0325], "orientation": [0.0, 0.0, 0.777433452650142, 0.6289652030919354]}