{"position": [-0.015000891741069063, 0.07639800949434296, 0.09598281506052661], "orientation": [0, 0, 0, 1]}