{"position": [-0.011238502819042966, -0.040521526649031095, 0.07730644949938958], "orientation": [0, 0, 0, 1]}