{"position": [-0.04451761540804399, 0.0670628162039368, 0.07256257591197698], "orientation": [0, 0, 0, 1]}