{"position": [0.01642327168780988, 0.08657055451754318, 0.08366459651365518], "orientation": [0, 0, 0, 1]}