{"position": [-0.09544541152312014, -0.08803198207594112, 0.0325], "orientation": [0.0, 0.0, 0.773788950093717, -0.6334434944909161]}