{"position": [-0.03165800624357271, -0.01676337086891543, 0.03517168307243458], "orientation": [0, 0, 0, 1]}