{"position": [0.046397304906156636, 0.10490563986555869, 0.0325], "orientation": [0.0, 0.0, 0.3334004020422022, -0.9427853265288434]}