{"position": [0.0105404934546372, 0.07419864667702343, 0.040155188239726136], "orientation": [0, 0, 0, 1]}