{"position": [0.0042899388097076396, 0.06871810034132472, 0.044708912757782854], "orientation": [0, 0, 0, 1]}