{"position": [0.041485615315654534, 0.12364685869871599, 0.08552787591009654], "orientation": [0, 0, 0, 1]}