{"position": [-0.04239489547590762, -0.048642327957574436, 0.0325], "orientation": [0.0, 0.0, 0.43288516462788085, 0.9014490746820324]}