{"position": [-0.08892356742066494, -0.03891841308984952, 0.0325], "orientation": [0.0, 0.0, 0.12609493850095477, -0.9920181785050315]}