{"position": [0.03960256926961194, 0.00028494613507156743, 0.0325], "orientation": [0.0, 0.0, 0.9878984302981578, -0.15510219667830535]}