{"position": [-0.07098433911599902, 0.07140862104758013, 0.05809012329022546], "orientation": [0, 0, 0, 1]}