{"position": [0.03286983791699874, 0.010138094239976905, 0.0325], "orientation": [0.0, 0.0, 0.9999941633567515, 0.0034166141764417663]}