{"position": [-0.09617091046261003, -0.013041145943689105, 0.0325], "orientation": [0.0, 0.0, 0.7503283943112109, -0.66106527717795]}