{"position": [-0.0891271831051084, -0.08196779727950923, 0.07079257117145729], "orientation": [0, 0, 0, 1]}