{"position": [-0.04645221044778308, 0.021181511348245065, 0.05898838925933171], "orientation": [0, 0, 0, 1]}