{"position": [-0.09995219773199161, -0.08818168252306414, 0.08944887535061234], "orientation": [0, 0, 0, 1]}