{"position": [0.07322433704579781, -0.0811914935825836, 0.0325], "orientation": [0.0, 0.0, 0.2669280900190135, -0.9637164493557228]}