{"position": [0.012025963771334374, -0.08070539675591479, 0.0325], "orientation": [0.0, 0.0, 0.999740895180508, -0.022762743764240912]}