{"position": [0.01501108054367987, 0.022711794530863836, 0.0325], "orientation": [0.0, 0.0, 0.6841447319169937, -0.7293462728980143]}