{"position": [0.0027429996464535173, -0.06431712230234239, 0.0325], "orientation": [0.0, 0.0, 0.15998964130986693, -0.9871186933056937]}