{"position": [-0.0012900699549383537, 0.041731836412739295, 0.0653483335742629], "orientation": [0, 0, 0, 1]}