{"position": [-0.08716419456913346, -0.10225266033975793, 0.07786957560463406], "orientation": [0, 0, 0, 1]}