{"position": [0.00697757602533617, 0.08266128522440108, 0.040173998301302166], "orientation": [0, 0, 0, 1]}