{"position": [0.06300910565418164, -0.0030428393717190543, 0.0325], "orientation": [0.0, 0.0, 0.991104132630957, -0.13308868577696017]}