{"position": [-0.03494619988398133, -0.12146746003752408, 0.04696137149457584], "orientation": [0, 0, 0, 1]}