{"position": [0.06673616708365472, -0.0683351223086088, 0.0325], "orientation": [0.0, 0.0, 0.4162532259057865, 0.9092487294041308]}