{"position": [0.13595295564612725, 0.021876770190097112, 0.0325], "orientation": [0.0, 0.0, 0.14662354229133745, 0.9891923659460481]}