{"position": [0.03320591623133169, -0.08875953929310733, 0.09197659238323275], "orientation": [0, 0, 0, 1]}