{"position": [-0.08816263848410519, -0.08203355556916213, 0.0325], "orientation": [0.0, 0.0, 0.8691293755469738, -0.49458480421594775]}