{"position": [0.07489176571309852, 0.03600392266983235, 0.06202185509181336], "orientation": [0, 0, 0, 1]}