{"position": [0.0021317796807797905, -0.06871566579849402, 0.08401117526631222], "orientation": [0, 0, 0, 1]}