{"position": [0.061319895994989396, 0.06031549138769507, 0.0325], "orientation": [0.0, 0.0, 0.7610804756103962, 0.648657467115467]}