{"position": [-0.1170410242228934, -0.055058332298629734, 0.0325], "orientation": [0.0, 0.0, 0.5024986674881663, -0.8645779832800609]}