{"position": [-0.05683786092370163, -0.12192698931360217, 0.03570374927811468], "orientation": [0, 0, 0, 1]}