{"position": [-0.10606042124138837, 0.06161199312820967, 0.03903171558753919], "orientation": [0, 0, 0, 1]}