{"position": [0.02102719267315491, -0.012576768507340349, 0.0325], "orientation": [0.0, 0.0, 0.9393434882662863, -0.34297785796130514]}