{"position": [-0.1040907940143031, -0.058357951317251675, 0.0325], "orientation": [0.0, 0.0, 0.7260387978024972, 0.687653738509073]}