{"position": [-0.05248344167461233, -0.08885666635405202, 0.0325], "orientation": [0.0, 0.0, 0.15503006355434484, -0.9879097526567575]}