{"position": [0.0009626434493740521, -0.11603283419094207, 0.046136978323204084], "orientation": [0, 0, 0, 1]}