{"position": [-0.02697706186138291, 0.01128284239450609, 0.033546459084641364], "orientation": [0, 0, 0, 1]}