{"position": [0.08350248105107655, -0.052280585944784685, 0.07100033192522082], "orientation": [0, 0, 0, 1]}