{"position": [0.05549686028173479, 0.06340458697320957, 0.09075889027779321], "orientation": [0, 0, 0, 1]}