{"position": [-0.11036728189405645, 0.07529226172301756, 0.0325], "orientation": [0.0, 0.0, 0.01782469880160618, -0.9998411274360702]}