{"position": [0.07735156515345921, -0.03254409241228922, 0.09600800248409541], "orientation": [0, 0, 0, 1]}