{"position": [-0.06450377305072888, 0.09224407124039477, 0.0377006891113787], "orientation": [0, 0, 0, 1]}