{"position": [-0.10001013265485467, 0.0928163495605808, 0.0325], "orientation": [0.0, 0.0, 0.991962165056416, -0.12653482957900444]}