{"position": [0.027357949183821176, -0.03562642009989651, 0.0325], "orientation": [0.0, 0.0, 0.992918304409729, -0.11879916147897987]}