{"position": [-0.005247997642819305, -0.13261494808501426, 0.0325], "orientation": [0.0, 0.0, 0.8320796347206902, 0.5546561831288664]}