{"position": [0.010940697559682827, 0.041550324856697365, 0.0325], "orientation": [0.0, 0.0, 0.6304825226889235, 0.7762034453568285]}