{"position": [0.019461692523063723, 0.02213419537735057, 0.06587605319956708], "orientation": [0, 0, 0, 1]}