{"position": [0.03805858342046026, -0.048545254473178895, 0.06528887112512355], "orientation": [0, 0, 0, 1]}