{"position": [0.05136227359996337, -0.03751075626321444, 0.08116085290253156], "orientation": [0, 0, 0, 1]}