{"position": [-0.0951616388363861, 0.05564146412074462, 0.0325], "orientation": [0.0, 0.0, 0.9052185315696872, 0.4249463614420286]}