{"position": [-0.05741236892342619, -0.10864514231144895, 0.03301977303686246], "orientation": [0, 0, 0, 1]}