{"position": [0.08666880799318723, -0.05401444262073952, 0.0325], "orientation": [0.0, 0.0, 0.7536465930853065, 0.6572798587595017]}