{"position": [-0.09881645825208264, 0.027111038177431487, 0.0325], "orientation": [0.0, 0.0, 0.899171003711604, -0.4375974246773702]}