{"position": [0.05303528924424334, 0.09276797174707274, 0.0325], "orientation": [0.0, 0.0, 0.33619826381670037, -0.941791233451786]}