{"position": [-0.0858771392018493, -0.07663935589512609, 0.0325], "orientation": [0.0, 0.0, 0.9879005167789711, -0.1550889065918058]}