{"position": [-0.013487587892553152, 0.13239436489321324, 0.09671367583583558], "orientation": [0, 0, 0, 1]}