{"position": [0.05802509843255849, -0.0038731598183405166, 0.0325], "orientation": [0.0, 0.0, 0.464535131110127, -0.8855546916845379]}