{"position": [0.041048850941639785, -0.03479410795323875, 0.0729146447521016], "orientation": [0, 0, 0, 1]}