{"position": [0.114145948612535, 0.029077432860856463, 0.051720316494536095], "orientation": [0, 0, 0, 1]}