{"position": [0.03565306299450226, -0.04247029818354694, 0.05057982160252954], "orientation": [0, 0, 0, 1]}