{"position": [0.10783477445289329, 0.08249490989130567, 0.053185618013196836], "orientation": [0, 0, 0, 1]}