{"position": [0.007152331305934975, 0.1247890318087112, 0.0325], "orientation": [0.0, 0.0, 0.7864105376369549, -0.6177041899595271]}