{"position": [0.017600896437885503, -0.13255528271559094, 0.0325], "orientation": [0.0, 0.0, 0.48338672041083214, -0.8754069216829737]}