{"position": [0.05385243263767518, -0.03668727443988507, 0.0325], "orientation": [0.0, 0.0, 0.8553431142346185, 0.5180619238386704]}