{"position": [0.11352701138570699, -0.06345722724932261, 0.07823229492125093], "orientation": [0, 0, 0, 1]}