{"position": [0.0950422734853839, 0.011050918584934417, 0.0325], "orientation": [0.0, 0.0, 0.9616295045264827, 0.27435140973603817]}