{"position": [-0.02589405176769859, -0.08169190543049432, 0.07497530612930431], "orientation": [0, 0, 0, 1]}