{"position": [0.060874195478412184, 0.005985872103732368, 0.0325], "orientation": [0.0, 0.0, 0.7730542709733847, 0.6343398884902388]}