{"position": [0.07109727737921265, -0.05572841906126136, 0.04371916582100167], "orientation": [0, 0, 0, 1]}