{"position": [-0.0813940033299115, 0.08739797699950269, 0.03656755075843085], "orientation": [0, 0, 0, 1]}