{"position": [0.03328386200466583, -0.11138314161952563, 0.0425220740198674], "orientation": [0, 0, 0, 1]}