{"position": [0.08464614685673336, 0.0945651835503345, 0.0325], "orientation": [0.0, 0.0, 0.48856313972691473, -0.8725285430862301]}