{"position": [0.007918045060419083, -0.11484073790535676, 0.0325], "orientation": [0.0, 0.0, 0.9792085065508911, 0.20285635483852477]}