{"position": [-0.014726374805789054, 0.11225919788341997, 0.0325], "orientation": [0.0, 0.0, 0.9972625832559882, -0.07394146358839133]}