{"position": [-0.02401237323537165, 0.03735235197334265, 0.04074506576114881], "orientation": [0, 0, 0, 1]}