{"position": [-0.04854072762617312, 0.04041157614301118, 0.0325], "orientation": [0.0, 0.0, 0.9965998685014045, -0.08239358047192362]}