{"position": [-0.013491988343368096, 0.05426451706073655, 0.0325], "orientation": [0.0, 0.0, 0.9938215108646492, 0.11099011011214427]}