{"position": [0.018099948976880366, -0.08054875569267292, 0.0325], "orientation": [0.0, 0.0, 0.09558043682605982, -0.9954217096769287]}