{"position": [-0.03830367549195534, -0.09913495664546784, 0.0325], "orientation": [0.0, 0.0, 0.09248723825411832, -0.9957138699245511]}