{"position": [-0.06329877213473965, -0.010241619800842225, 0.0325], "orientation": [0.0, 0.0, 0.14594673229350144, -0.9892924498513314]}