{"position": [0.022944485540073705, 0.02150886339341732, 0.0325], "orientation": [0.0, 0.0, 0.841119265020961, -0.5408496852274192]}