{"position": [-0.04805089478213937, -0.01807052586266818, 0.0325], "orientation": [0.0, 0.0, 0.6048917972807932, 0.7963076751999894]}