{"position": [-0.07142190850414287, -0.10782361960069044, 0.0325], "orientation": [0.0, 0.0, 0.24238959472714255, -0.9701789960455811]}