{"position": [-0.022731484792790555, 0.041570592619864365, 0.0325], "orientation": [0.0, 0.0, 0.3095508538153725, -0.9508828891625792]}