{"position": [0.025267696309443106, 0.11862129052093158, 0.0325], "orientation": [0.0, 0.0, 0.9420657394950587, 0.33542829706157506]}