{"position": [-0.018169325158911974, 0.027614207499822376, 0.0325], "orientation": [0.0, 0.0, 0.8814075432332492, -0.4723565842999629]}