{"position": [0.09890124144278577, 0.08481884509030575, 0.0325], "orientation": [0.0, 0.0, 0.11393790951785579, -0.9934878724849644]}