{"position": [0.060181899291513324, 0.07030350225288437, 0.0325], "orientation": [0.0, 0.0, 0.5927460552860215, -0.8053894175756598]}