{"position": [0.015996307453629108, -0.07543434850165806, 0.0325], "orientation": [0.0, 0.0, 0.9941237381677868, -0.10824967995936866]}