{"position": [-0.08224943066850648, -0.022451537564103185, 0.0325], "orientation": [0.0, 0.0, 0.25915743589033596, 0.9658350912152376]}