{"position": [0.0939917129455002, 0.08071779015923343, 0.0325], "orientation": [0.0, 0.0, 0.8834179813062386, 0.468585819572904]}