{"position": [0.08954846920798025, -0.010908600430505157, 0.0325], "orientation": [0.0, 0.0, 0.16005372545479876, -0.9871083045786009]}