{"position": [0.02687580796364497, -0.08335787257182632, 0.0325], "orientation": [0.0, 0.0, 0.5770853006544253, 0.8166838775000957]}