{"position": [-0.042220730287008505, 0.017499500722920183, 0.0325], "orientation": [0.0, 0.0, 0.8517200739677808, 0.5239970568622672]}