{"position": [0.058729593988837626, 0.09924517277594831, 0.0325], "orientation": [0.0, 0.0, 0.9943728311206943, 0.10593711686191612]}