{"position": [-0.062125931736696574, 0.11557762481776711, 0.0325], "orientation": [0.0, 0.0, 0.06854518230727251, 0.9976480130699719]}