{"position": [-0.10044070876946908, 0.022976066754437616, 0.0325], "orientation": [0.0, 0.0, 0.9760892257187476, -0.21737024505616165]}