{"position": [0.08249523501464577, 0.06901702589473759, 0.0325], "orientation": [0.0, 0.0, 0.8689526290408695, -0.4948952702168017]}