{"position": [0.05453914141481529, 0.0656393466804257, 0.0325], "orientation": [0.0, 0.0, 0.7511709884240344, 0.6601076776936162]}