{"position": [0.08931648276877709, -0.036517007348734844, 0.0325], "orientation": [0.0, 0.0, 0.088160710721776, 0.9961062639523112]}