{"position": [0.07902770942527583, -0.05709096954674585, 0.0325], "orientation": [0.0, 0.0, 0.7076915868988114, 0.7065214914159669]}