{"position": [-0.07807562364743198, 0.08818038130284167, 0.0325], "orientation": [0.0, 0.0, 0.7513784411965796, 0.6598715315157929]}