{"position": [-0.04053958995523541, 0.012151517359636595, 0.0325], "orientation": [0.0, 0.0, 0.6789895954598955, 0.7341478933138796]}