{"position": [0.028860300234001032, 0.10457910536468716, 0.0325], "orientation": [0.0, 0.0, 0.8735584101365215, -0.48671932782636945]}