{"position": [-0.05603405381067891, 0.05705260500594573, 0.0325], "orientation": [0.0, 0.0, 0.9065400017318457, 0.4221199181038788]}