{"position": [0.030724967424852787, -0.12912728262187875, 0.0325], "orientation": [0.0, 0.0, 0.2671471674105734, 0.9636557429624477]}