{"position": [0.028370803936489466, 0.09503523687946666, 0.0325], "orientation": [0.0, 0.0, 0.9348845991131113, 0.35495180847703434]}