{"position": [0.05515590138528922, -0.030901287891855332, 0.0325], "orientation": [0.0, 0.0, 0.1460265382357507, 0.9892806730806394]}