{"position": [0.0620955930228723, 0.11144492441636679, 0.0325], "orientation": [0.0, 0.0, 0.7497773230031874, 0.6616902341051846]}