{"position": [0.0818084514648361, 0.05603356112074042, 0.0325], "orientation": [0.0, 0.0, 0.5909422077790557, -0.8067138941813358]}