{"position": [0.07913977923108764, 0.10474321209288538, 0.0325], "orientation": [0.0, 0.0, 0.6473189160716208, 0.7622192735006521]}