{"position": [-0.06010321361459533, -0.06561388532991166, 0.0325], "orientation": [0.0, 0.0, 0.9368967767120335, 0.3496061066208683]}