{"position": [-0.005997324951001087, 0.048418058163139766, 0.0325], "orientation": [0.0, 0.0, 0.992330257014505, 0.12361497083090965]}