{"position": [0.0018860466268628491, -0.11581042894547783, 0.0325], "orientation": [0.0, 0.0, 0.33811054538138013, 0.9411064015837454]}