{"position": [-0.00927710719674602, -0.045933908861056624, 0.0325], "orientation": [0.0, 0.0, 0.7259458141860367, 0.6877518992091352]}