{"position": [0.027792864759157355, 0.011686069108382777, 0.0325], "orientation": [0.0, 0.0, 0.5689054510033564, 0.8224029351958002]}