{"position": [0.03313838727862596, 0.12041893212829868, 0.0325], "orientation": [0.0, 0.0, 0.6474253470342402, -0.7621288736280719]}