{"position": [-0.015039133464347479, -0.042360347222202194, 0.0325], "orientation": [0.0, 0.0, 0.6312660045224423, 0.7755663940207002]}