{"position": [-0.06251245244532189, -0.11446805356109886, 0.0325], "orientation": [0.0, 0.0, 0.13002916236076384, -0.9915101698599759]}