{"position": [0.13350821929847406, -0.018150020543871687, 0.0325], "orientation": [0.0, 0.0, 0.9891883826890562, -0.14665041272703389]}