{"position": [0.06607332514873415, -0.10362401121818039, 0.0325], "orientation": [0.0, 0.0, 0.99699984947661, -0.07740348922120405]}