{"position": [-0.05717144682712632, 0.08250214592033246, 0.0325], "orientation": [0.0, 0.0, 0.43077037233424686, 0.9024615705496907]}