{"position": [0.11437177103191441, 0.02643648590746478, 0.0325], "orientation": [0.0, 0.0, 0.7005774600188412, -0.7135763606745594]}