{"position": [0.12225595906684973, 0.0036811597730261407, 0.0325], "orientation": [0.0, 0.0, 0.9861397025147146, -0.16591710919670133]}