{"position": [0.023699489610521186, 0.0009854817505349821, 0.0325], "orientation": [0.0, 0.0, 0.9637614781042751, -0.26676546501048953]}