{"position": [0.09852335752635669, -0.01201860672440403, 0.0325], "orientation": [0.0, 0.0, 0.5793695522328481, -0.8150649801982104]}