{"position": [0.09742564629917015, 0.0066438153452711155, 0.0325], "orientation": [0.0, 0.0, 0.007251832173416696, 0.9999737051193539]}