{"position": [-0.10873345048192276, 0.06491523314126826, 0.0325], "orientation": [0.0, 0.0, 0.06826660426540633, -0.9976671141929409]}