{"position": [-0.05109839062403022, 0.12580627102975708, 0.0325], "orientation": [0.0, 0.0, 0.9999900175499711, 0.004468198787942797]}