{"position": [-0.009476501938124125, 0.11544116580100021, 0.0325], "orientation": [0.0, 0.0, 0.9329088192953535, 0.36011266970345457]}