{"position": [-0.01714200232908083, 0.08749971401350623, 0.0325], "orientation": [0.0, 0.0, 0.28149706407642855, -0.9595620891408492]}