{"position": [0.12077289625634807, 0.04187956507955371, 0.0325], "orientation": [0.0, 0.0, 0.2738351307370487, 0.9617766482787069]}