{"position": [-0.03965241995614059, -0.06268534234539885, 0.0325], "orientation": [0.0, 0.0, 0.9090628693460672, -0.4166589727538521]}