{"position": [0.07312345048373416, 0.06037773775676792, 0.0325], "orientation": [0.0, 0.0, 0.8795050736759455, -0.47588950963250876]}