{"position": [-0.05444364794589706, 0.058156896311712176, 0.0325], "orientation": [0.0, 0.0, 0.51068334174277, 0.8597688785170333]}