{"position": [-0.05642588994679171, -0.06697452332711064, 0.0325], "orientation": [0.0, 0.0, 0.13598034238535325, -0.9907115354555847]}