{"position": [0.08628904701732264, 0.09442872248506759, 0.0325], "orientation": [0.0, 0.0, 0.7738488696754773, 0.6333702920898534]}