{"position": [0.03434372864164558, -0.0072432535168248545, 0.0325], "orientation": [0.0, 0.0, 0.999758437718541, -0.021978767267118338]}