{"position": [-0.13207775427256585, -0.03721644035280903, 0.0325], "orientation": [0.0, 0.0, 0.9269832631775683, 0.37510269232393834]}