{"position": [0.08513202317814074, 0.020928141587088424, 0.0325], "orientation": [0.0, 0.0, 0.8268545275966896, 0.5624158516550322]}