{"position": [-0.10909240734645763, 0.04114664221226555, 0.0325], "orientation": [0.0, 0.0, 0.9885958666030028, -0.15059287013486997]}