{"position": [0.03923310958438518, -0.08660717902950171, 0.0325], "orientation": [0.0, 0.0, 0.6155394446223408, -0.7881060792266611]}