{"position": [-0.09167226510677674, -0.018824388304051434, 0.0325], "orientation": [0.0, 0.0, 0.9885129582553105, 0.15113613519385352]}