{"position": [0.07304406708201187, 0.09254243488511575, 0.0325], "orientation": [0.0, 0.0, 0.6644434798029557, -0.747338519111212]}