{"position": [-0.024339912173026664, 0.005677157332929295, 0.0325], "orientation": [0.0, 0.0, 0.9092752670410188, 0.41619525315347367]}