{"position": [0.04357254773649481, -0.12488815068964508, 0.0325], "orientation": [0.0, 0.0, 0.032150350484559206, 0.9994830438600347]}