{"position": [-0.07178549196233275, -0.0803853729312088, 0.0325], "orientation": [0.0, 0.0, 0.9107645044809664, -0.41292616455916153]}