{"position": [0.021067949404815413, -0.028022224522007658, 0.0325], "orientation": [0.0, 0.0, 0.5925865416491304, 0.8055067911919325]}