{"position": [0.10726759113528485, 0.05146609987414396, 0.0325], "orientation": [0.0, 0.0, 0.8844892428890794, -0.46656058471918]}