{"position": [-0.12349174741834895, 0.046647570879038855, 0.0325], "orientation": [0.0, 0.0, 0.23993504481596017, 0.9707889442454334]}