{"position": [0.11490146814910437, -0.0006361805968446117, 0.0325], "orientation": [0.0, 0.0, 0.0022910647486646266, 0.9999973755077147]}