{"position": [-0.09965614335055323, -0.015246532330746517, 0.0325], "orientation": [0.0, 0.0, 0.21030863945886158, -0.9776350424207197]}