{"position": [-0.00412334535720335, -0.011320829751686207, 0.0325], "orientation": [0.0, 0.0, 0.17207966268222702, -0.9850830369523023]}