{"position": [-0.045273329174957695, -0.11298843743341558, 0.0325], "orientation": [0.0, 0.0, 0.6404334292391038, 0.7680136865401825]}