{"position": [0.03175555792100158, 0.10545692464076535, 0.0325], "orientation": [0.0, 0.0, 0.5172929292846192, -0.8558084045580167]}