{"position": [-0.060562974259080575, 0.012484912409878677, 0.0325], "orientation": [0.0, 0.0, 0.9600777463408068, -0.2797333033107742]}