{"position": [0.04826021459565438, -0.06446040893200737, 0.0325], "orientation": [0.0, 0.0, 0.9211476431413008, -0.3892133342207417]}