{"position": [-0.1191878577443615, -0.03299305283890047, 0.0325], "orientation": [0.0, 0.0, 0.5464789633637049, 0.8374728309628501]}