{"position": [0.016666391569140748, -0.04752332758898257, 0.0325], "orientation": [0.0, 0.0, 0.2502682127244746, 0.9681765446961093]}