{"position": [-0.11149399600814777, 0.04455281303855675, 0.0325], "orientation": [0.0, 0.0, 0.21705625321861055, 0.9761590971448755]}