{"position": [-0.010530784152297844, 0.1092774361053607, 0.0325], "orientation": [0.0, 0.0, 0.018380323351361746, 0.9998310675876697]}