{"position": [-0.0759861858140607, 0.0066616002121754544, 0.0325], "orientation": [0.0, 0.0, 0.9943432889782198, -0.10621404645326576]}