{"position": [0.000631748078139249, 0.06204119869433126, 0.0325], "orientation": [0.0, 0.0, 0.7263677020369713, 0.6873063083062236]}