{"position": [0.021398782008999053, -0.09887757961848857, 0.0325], "orientation": [0.0, 0.0, 0.610412109546782, -0.7920839958733211]}