{"position": [-0.11616033603759184, 0.042065896804019585, 0.0325], "orientation": [0.0, 0.0, 0.16291033430833732, 0.98664087842312]}