{"position": [-0.07430457323889167, 0.05576624503694432, 0.0325], "orientation": [0.0, 0.0, 0.47399051255950697, -0.8805299506567484]}