{"position": [-0.03925568332555639, -0.0953226967089017, 0.0325], "orientation": [0.0, 0.0, 0.8964892194956814, -0.44306554743968074]}