{"position": [-0.0945274283957105, -0.04518897596819459, 0.0325], "orientation": [0.0, 0.0, 0.921710835474217, -0.38787773301572886]}