{"position": [0.09751541698517657, -0.036086529532279595, 0.0325], "orientation": [0.0, 0.0, 0.4538877389115442, 0.8910588759816973]}