{"position": [0.08817900872998166, 0.08254211496383056, 0.0325], "orientation": [0.0, 0.0, 0.5877346005828019, -0.80905379257363]}