{"position": [-0.11584943288499779, 0.06044305716005, 0.0325], "orientation": [0.0, 0.0, 0.2310060089718252, 0.9729523235076367]}