{"position": [0.011016418594881307, -0.09850142140550541, 0.0325], "orientation": [0.0, 0.0, 0.9805152738725624, 0.1964428611648025]}