{"position": [0.05015427334007904, -0.12725930911299474, 0.0325], "orientation": [0.0, 0.0, 0.7967837065678705, 0.6042646150056826]}