{"position": [0.04115687226641503, 0.10662893880479676, 0.0325], "orientation": [0.0, 0.0, 0.9859244330147036, 0.1671915439985984]}