{"position": [0.04413225096535913, 0.034252472359236424, 0.0325], "orientation": [0.0, 0.0, 0.9411886177794452, -0.33788161501096436]}