{"position": [-0.0505897566025776, 0.013895039165601749, 0.0325], "orientation": [0.0, 0.0, 0.9271578502737278, -0.3746709498690816]}