{"position": [0.017326901895660794, 0.07212013376273582, 0.0325], "orientation": [0.0, 0.0, 0.9266225354520019, -0.37599292119999217]}