{"position": [0.01113710149937706, 0.08404197915533354, 0.0325], "orientation": [0, 0, 0, 1]}