{"position": [0.07000118933449984, -0.061434195962462704, 0.0325], "orientation": [0, 0, 0, 1]}