{"position": [0.04956861529641031, -0.12496449575720629, 0.0325], "orientation": [0, 0, 0, 1]}