{"position": [0.08192869584868162, 0.02484032496929693, 0.0325], "orientation": [0, 0, 0, 1]}