{"position": [-0.02579311976323035, -0.07965988743350784, 0.0325], "orientation": [0, 0, 0, 1]}