{"position": [0.07333168300019742, -0.07380000370832064, 0.0325], "orientation": [0, 0, 0, 1]}