{"position": [-0.09201872534132516, 0.08487962383172983, 0.0325], "orientation": [0, 0, 0, 1]}