{"position": [0.07345161923635878, -0.11682373149931875, 0.0325], "orientation": [0, 0, 0, 1]}