{"position": [0.055971489985236836, 0.005184813316895428, 0.0325], "orientation": [0, 0, 0, 1]}