{"position": [-0.10005304989327081, 0.04481442541247066, 0.0325], "orientation": [0.0, 0.0, 0.9003924333308803, 0.435078689435022]}