{"position": [-0.043932154563345545, 0.042798395774713394, 0.0325], "orientation": [0.0, 0.0, 0.5828332989216636, -0.812591746000469]}