{"position": [0.0311042205668578, -0.07006914676504533, 0.0325], "orientation": [0.0, 0.0, 0.766888903898918, -0.6417798758738983]}