{"position": [-0.07193916276865232, -0.04518779114537617, 0.0325], "orientation": [0.0, 0.0, 0.3841728167576621, -0.9232612018624435]}