{"position": [-0.1095974079287297, 0.009811305225281423, 0.0325], "orientation": [0.0, 0.0, 0.22048317597906217, 0.9753907776425743]}