{"position": [0.010147870632959754, 0.11296066038309761, 0.0325], "orientation": [0, 0, 0, 1]}