{"position": [0.056716229674014816, -0.09173209294126942, 0.0325], "orientation": [0.0, 0.0, 0.7957668230898327, 0.6056031400756727]}