{"position": [-0.06470856260183387, 0.09549145900276494, 0.0325], "orientation": [0.0, 0.0, 0.9081615342302505, 0.41861990844267977]}