{"position": [0.04021707716947866, 0.0022834376197105443, 0.0325], "orientation": [0.0, 0.0, 0.9980624119766797, 0.06222075055230854]}