{"position": [-0.11759854375152279, 0.06886808892761172, 0.0325], "orientation": [0.0, 0.0, 0.8484337355507452, -0.5293016119183922]}