{"position": [0.026436270396753073, 0.003946638582186545, 0.0325], "orientation": [0.0, 0.0, 0.525603143470827, 0.8507298840252322]}