{"position": [0.00037764849240884516, 0.12502122214371222, 0.0325], "orientation": [0.0, 0.0, 0.24037464496215202, 0.9706801893823317]}