{"position": [0.11413429667656545, 0.06057268783720136, 0.0325], "orientation": [0, 0, 0, 1]}