{"position": [0.05725954909583957, 0.08955857567760327, 0.0325], "orientation": [0.0, 0.0, 0.06406100611273333, -0.9979459842575771]}