{"position": [-0.11854022023194304, -0.0367331253244206, 0.0325], "orientation": [0, 0, 0, 1]}