{"position": [-0.04081476417970052, -0.05104397650217922, 0.0325], "orientation": [0.0, 0.0, 0.9861123302595852, 0.1660797161305702]}