{"position": [0.0829816276176397, -0.05359459585725096, 0.0325], "orientation": [0, 0, 0, 1]}