{"position": [-0.005894053464541105, 0.08406271776860301, 0.0325], "orientation": [0.0, 0.0, 0.16514253087738692, 0.9862697118412445]}