{"position": [-0.06340065247061333, -0.013996676531319996, 0.0325], "orientation": [0, 0, 0, 1]}