{"position": [-0.023395226806304844, 0.1064300199780317, 0.0325], "orientation": [0, 0, 0, 1]}