{"position": [0.10071032232347564, -0.08740303012416673, 0.0325], "orientation": [0.0, 0.0, 0.09734967419269365, -0.9952502403589644]}