{"position": [0.043468842628424285, 0.010044771230893142, 0.0325], "orientation": [0, 0, 0, 1]}