{"position": [0.056127253665096126, 0.08659889567925418, 0.0325], "orientation": [0, 0, 0, 1]}