{"position": [-0.10528965445907257, -0.006827348644803084, 0.0325], "orientation": [0, 0, 0, 1]}