{"position": [-0.01385082494009236, 0.11088019013614549, 0.0325], "orientation": [0.0, 0.0, 0.7036834366327008, -0.7105136318247467]}