{"position": [-0.03949427713504802, -0.059733613439274344, 0.0325], "orientation": [0, 0, 0, 1]}