{"position": [0.11775509768705482, -0.03851085645705864, 0.0325], "orientation": [0.0, 0.0, 0.35653162014886486, -0.9342832567449904]}