{"position": [-0.09512114254061464, 0.08300606310630158, 0.0325], "orientation": [0.0, 0.0, 0.9837718939904858, -0.179423690170424]}