{"position": [-0.03309107166383561, 0.1285629303165787, 0.0325], "orientation": [0.0, 0.0, 0.6681023306071088, -0.7440694025676298]}