{"position": [-0.09265179331362981, -0.0827550426663361, 0.0325], "orientation": [0, 0, 0, 1]}