{"position": [-0.06927739464929931, 0.10949284482962221, 0.0325], "orientation": [0, 0, 0, 1]}