{"position": [0.030009057754269902, 0.11675593185886056, 0.0325], "orientation": [0.0, 0.0, 0.2204200868474819, -0.9754050365433575]}