{"position": [-0.1036618701831924, -0.02989345549894046, 0.0325], "orientation": [0, 0, 0, 1]}