{"position": [-0.000809414708846875, 0.03450407966431683, 0.0325], "orientation": [0, 0, 0, 1]}