{"position": [0.10319980351651087, -0.004600882733227867, 0.0325], "orientation": [0.0, 0.0, 0.8047046548081389, -0.5936753477533947]}