{"position": [0.11360678636767356, 0.07103357367758972, 0.0325], "orientation": [0.0, 0.0, 0.20654317451384416, 0.9784374875594984]}