{"position": [-0.01704475983674755, 0.08172624899507021, 0.0325], "orientation": [0.0, 0.0, 0.5514389586665978, 0.8342152449246527]}