{"position": [0.028619920192029566, -0.10046002658632683, 0.0325], "orientation": [0, 0, 0, 1]}