{"position": [-0.10253347677375654, -0.02661875299412077, 0.0325], "orientation": [0, 0, 0, 1]}