{"position": [-0.09936233397179102, 0.020154275739288532, 0.0325], "orientation": [0, 0, 0, 1]}