{"position": [0.03572705698802537, -0.03854637138694967, 0.0325], "orientation": [0.0, 0.0, 0.9764534437269496, 0.21572823698760618]}