{"position": [0.06666504341379247, 0.11405025227886413, 0.0325], "orientation": [0.0, 0.0, 0.40988951057262935, 0.9121351813862517]}