{"position": [0.08163620273760144, -0.012036779505349558, 0.0325], "orientation": [0, 0, 0, 1]}