{"position": [0.019107773422325815, -0.042427937376044715, 0.0325], "orientation": [0, 0, 0, 1]}