{"position": [0.03364983282611946, -0.02791730039096094, 0.0325], "orientation": [0, 0, 0, 1]}