{"position": [0.09757753390563333, -0.0635923560769733, 0.0325], "orientation": [0.0, 0.0, 0.8404734501232944, -0.541852728735259]}