{"position": [0.0983206927853261, 0.02988401639040695, 0.0325], "orientation": [0, 0, 0, 1]}