{"position": [0.1014320450238789, 0.05961849438942815, 0.0325], "orientation": [0.0, 0.0, 0.9582427909911839, -0.2859558593794262]}