{"position": [0.013437774112698198, 0.11525437484251504, 0.0325], "orientation": [0.0, 0.0, 0.7735366971643631, -0.6337515113512932]}