{"position": [-0.07905940417871964, -0.03127118271188297, 0.0325], "orientation": [0.0, 0.0, 0.5459754164352247, -0.8378011963755978]}