{"position": [-0.0668492509961227, -0.04423542361475824, 0.0325], "orientation": [0.0, 0.0, 0.6132732033045754, -0.7898708616657187]}