{"position": [0.0062292918753053175, -0.13011272543609667, 0.0325], "orientation": [0.0, 0.0, 0.8825052825730133, 0.4703024837598946]}