{"position": [0.01286478955117114, 0.11629934912086301, 0.0325], "orientation": [0, 0, 0, 1]}