{"position": [0.018607060100482496, 0.09647088934358204, 0.0325], "orientation": [0.0, 0.0, 0.56281959129145, -0.8265797648494216]}