{"position": [-0.09062654773841902, 0.10229199353445467, 0.0325], "orientation": [0, 0, 0, 1]}