{"position": [0.13555613725638183, 0.017353016165363087, 0.0325], "orientation": [0, 0, 0, 1]}