{"position": [0.05489649232618387, -0.03068794644344465, 0.0325], "orientation": [0.0, 0.0, 0.6305654630983957, -0.7761360684490226]}