{"position": [0.06646662339140565, 0.09237244544093602, 0.0325], "orientation": [0.0, 0.0, 0.10812701926264225, -0.9941370869781372]}