{"position": [0.05571157502737662, 0.06531027625808608, 0.0325], "orientation": [0.0, 0.0, 0.9247612134680865, -0.38054789194664074]}