{"position": [0.10347436465585318, 0.07806567628399091, 0.0325], "orientation": [0.0, 0.0, 0.8391806351585057, 0.5438527940306705]}