{"position": [-0.03753743303740215, 0.11564704223945994, 0.0325], "orientation": [0, 0, 0, 1]}