{"position": [0.02140737120514854, -0.045050252904407305, 0.0325], "orientation": [0.0, 0.0, 0.8002317450837723, -0.5996908821719574]}