{"position": [0.07735021810222262, 0.07272780180601988, 0.0325], "orientation": [0, 0, 0, 1]}