{"position": [-0.09247230049068633, -0.041948492044000536, 0.0325], "orientation": [0, 0, 0, 1]}