{"position": [-0.0771705064249281, -0.026324483446094196, 0.0325], "orientation": [0, 0, 0, 1]}