{"position": [-0.048251649017804016, 0.08670443460906528, 0.0325], "orientation": [0, 0, 0, 1]}