{"position": [0.034250037154655, 0.09452485250618431, 0.0325], "orientation": [0, 0, 0, 1]}