{"position": [0.014856332064091014, -0.12345982773743706, 0.0325], "orientation": [0.0, 0.0, 0.08829019250075652, 0.9960947956435569]}