{"position": [-0.06227668382090003, 0.05444483996433333, 0.0325], "orientation": [0.0, 0.0, 0.702745893306842, -0.7114409388279315]}