{"position": [-0.004488937607940456, 0.09501412733736922, 0.0325], "orientation": [0, 0, 0, 1]}