{"position": [-0.04205973514088094, 0.043573613885048816, 0.0325], "orientation": [0, 0, 0, 1]}