{"position": [0.10452428162332462, -0.025930770040497698, 0.0325], "orientation": [0, 0, 0, 1]}