{"position": [0.05013420527499123, 0.026093789922377684, 0.0325], "orientation": [0, 0, 0, 1]}