{"position": [0.0937320961073831, 0.06829484548036553, 0.0325], "orientation": [0, 0, 0, 1]}