{"position": [0.09496474586117575, -0.04445915573087128, 0.0325], "orientation": [0.0, 0.0, 0.842164068237067, -0.5392213665744271]}