{"position": [0.08861583160326289, 0.0028660717004951076, 0.0325], "orientation": [0.0, 0.0, 0.9795301840780748, 0.20129733848208958]}