{"position": [-0.1100729801825684, 0.004664382083050213, 0.0325], "orientation": [0, 0, 0, 1]}