{"position": [-0.011378139392889425, 0.0070521781393949705, 0.0325], "orientation": [0, 0, 0, 1]}