{"position": [-0.08439771812971412, 0.02792760738965284, 0.0325], "orientation": [0, 0, 0, 1]}