{"position": [-0.07429747828973181, -0.00834118281231274, 0.0325], "orientation": [0.0, 0.0, 0.7844118359370531, 0.6202403337754339]}