{"position": [0.006675397500006766, 0.06564733804726265, 0.0325], "orientation": [0.0, 0.0, 0.7530862220598777, -0.6579218358920613]}