{"position": [-0.04362959080973397, 0.11737904750338604, 0.0325], "orientation": [0, 0, 0, 1]}