{"position": [-0.08353998730848021, 0.018044561345967196, 0.0325], "orientation": [0.0, 0.0, 0.11328851971764271, 0.9935621325816445]}