{"position": [0.05220907034953376, -0.11612481578627559, 0.0325], "orientation": [0.0, 0.0, 0.10539418676227813, 0.9944305231622358]}