{"position": [0.0494868406966127, 0.07944329531211379, 0.0325], "orientation": [0.0, 0.0, 0.988696606943933, 0.14993004841443253]}