{"position": [-0.009897372074508273, -0.01473816504734165, 0.0325], "orientation": [0.0, 0.0, 0.4664828431423714, 0.8845302465454812]}