{"position": [-0.04500848382964682, 0.010266816343651019, 0.0325], "orientation": [0.0, 0.0, 0.8795551103335668, -0.47579702383065303]}