{"position": [-0.04077567745917543, 0.03017222901254939, 0.0325], "orientation": [0, 0, 0, 1]}