{"position": [-0.062434212884102225, -0.04380192100661482, 0.0325], "orientation": [0.0, 0.0, 0.28174626760369664, -0.9594889476650506]}