{"position": [0.035662826523992816, 0.008461909819225963, 0.0325], "orientation": [0, 0, 0, 1]}