{"position": [0.04898116108486885, -0.016297079224919474, 0.0325], "orientation": [0, 0, 0, 1]}