{"position": [-0.06770607315920339, 0.05044866528578356, 0.0325], "orientation": [0, 0, 0, 1]}