{"position": [-0.0021305900226415253, 0.056173345592651684, 0.0325], "orientation": [0.0, 0.0, 0.018174815304017905, 0.9998348244028434]}