{"position": [-0.008171369592915156, 0.030793269871392838, 0.0325], "orientation": [0, 0, 0, 1]}