{"position": [0.04389645326337775, 0.11473143936512539, 0.0325], "orientation": [0, 0, 0, 1]}