{"position": [-0.1245821208962868, -0.019556525248309267, 0.0325], "orientation": [0, 0, 0, 1]}