{"position": [0.02621784537448092, 0.12222785649443252, 0.0325], "orientation": [0.0, 0.0, 0.9315905728540866, 0.3635092908983136]}