{"position": [-0.09590147773286514, 0.08079302313098366, 0.0325], "orientation": [0, 0, 0, 1]}