{"position": [0.021576383078277552, 0.040831464516794896, 0.0325], "orientation": [0.0, 0.0, 0.9545252238519827, 0.298130167930591]}