{"position": [-0.09920458727332836, -0.021752911974566275, 0.0325], "orientation": [0.0, 0.0, 0.18026612016739488, -0.983617875965964]}