{"position": [0.05791673684602173, -0.09873919683261888, 0.0325], "orientation": [0.0, 0.0, 0.8270766478790315, 0.5620891553242997]}