{"position": [0.0978801746327356, -0.03076398615829844, 0.0325], "orientation": [0, 0, 0, 1]}