{"position": [0.057204728826828574, 0.010401759210998621, 0.0325], "orientation": [0.0, 0.0, 0.9630050966748653, 0.2694831790265086]}