{"position": [0.033057335792988515, -0.037772649974896176, 0.0325], "orientation": [0.0, 0.0, 0.8087698396777754, -0.588125281234862]}