{"position": [-0.04372230322704936, -0.05008808174584379, 0.0325], "orientation": [0, 0, 0, 1]}