{"position": [-0.06355024876631278, 0.04095990547906659, 0.0325], "orientation": [0, 0, 0, 1]}