{"position": [0.04414248651902125, 0.09017772983386735, 0.0325], "orientation": [0.0, 0.0, 0.07460780872779436, 0.9972129536246693]}