{"position": [-0.08940727905165366, -0.049447244870906015, 0.0325], "orientation": [0, 0, 0, 1]}