{"position": [-0.03611555599015293, 0.05394579224998152, 0.0325], "orientation": [0.0, 0.0, 0.8223366580450397, 0.5690012485358142]}