{"position": [0.07051303263601698, 0.08087346668685762, 0.0325], "orientation": [0.0, 0.0, 0.9629666039636324, 0.2696206958872941]}