{"position": [0.017042931991797954, 0.11110355647085592, 0.0325], "orientation": [0.0, 0.0, 0.0511418873584496, -0.9986913974584019]}