{"position": [0.03322264316538159, 0.009776004734247177, 0.0325], "orientation": [0.0, 0.0, 0.15164210444557163, -0.9884354668663596]}