{"position": [0.07276003749732883, 0.045759292846484105, 0.0325], "orientation": [0, 0, 0, 1]}