{"position": [0.04305152098188011, -0.026023498551744677, 0.0325], "orientation": [0.0, 0.0, 0.13020688496167807, -0.9914868466644307]}