{"position": [0.12474243667647719, 0.04344474321049618, 0.0325], "orientation": [0.0, 0.0, 0.14633245095927, -0.9892354693379392]}