{"position": [0.11993987528273267, -0.05522008685262593, 0.0325], "orientation": [0, 0, 0, 1]}