{"position": [0.032312668330045785, 0.021948041271277623, 0.0325], "orientation": [0.0, 0.0, 0.0555192538704905, -0.9984576167517898]}