{"position": [0.0277265576220509, -0.10358754108585344, 0.0325], "orientation": [0, 0, 0, 1]}