{"position": [-0.031497882572486605, 0.0023532672077517377, 0.0325], "orientation": [0, 0, 0, 1]}