{"position": [-0.11393027166395489, -0.04145823008211036, 0.0325], "orientation": [0.0, 0.0, 0.10752416321240241, 0.9942024714943494]}