{"position": [-0.13340708098639753, -0.03565791799443887, 0.0325], "orientation": [0.0, 0.0, 0.9212456657603141, 0.38898126345344153]}