{"position": [-0.10870531838283085, 0.02314628135732103, 0.0325], "orientation": [0, 0, 0, 1]}