{"position": [0.031177406546172702, 0.014648660048117847, 0.0325], "orientation": [0.0, 0.0, 0.7749311433690445, -0.6320456653096717]}