{"position": [-0.08911936994325556, 0.09848544013492659, 0.0325], "orientation": [0, 0, 0, 1]}