{"position": [-0.017476465319649363, -0.008917934563959187, 0.0325], "orientation": [0, 0, 0, 1]}