{"position": [0.02129114913471139, 0.011084234916383513, 0.0325], "orientation": [0.0, 0.0, 0.9945096469958544, -0.10464493314146142]}