{"position": [-0.10807645436889897, 0.08397374022823074, 0.0325], "orientation": [0.0, 0.0, 0.5044007548275868, 0.8634696743542072]}