{"position": [0.002216887058807204, -0.024817242158119417, 0.0325], "orientation": [0, 0, 0, 1]}