{"position": [-0.07110018564579523, -0.06362420540291716, 0.0325], "orientation": [0, 0, 0, 1]}