{"position": [0.0928567742866697, 0.08426984824047556, 0.0325], "orientation": [0, 0, 0, 1]}