{"position": [-0.010000527264359283, -0.06264336180815319, 0.0325], "orientation": [0, 0, 0, 1]}