{"position": [-0.017029693383541964, -0.010102878533264978, 0.0325], "orientation": [0, 0, 0, 1]}