{"position": [0.012502919355330041, -0.07435111609027817, 0.0325], "orientation": [0, 0, 0, 1]}