{"position": [0.037029966551445, 0.05992065907984897, 0.0325], "orientation": [0.0, 0.0, 0.05480652735605453, 0.9984969927642096]}