{"position": [0.06519302568567299, -0.024598492193020346, 0.0325], "orientation": [0.0, 0.0, 0.9887570061860055, 0.14953120984626458]}