{"position": [0.08675379231743323, 0.07560137876644484, 0.0325], "orientation": [0.0, 0.0, 0.363120687714978, 0.9317421135450524]}