{"position": [-0.1206281037565839, -0.028538224566280624, 0.0325], "orientation": [0, 0, 0, 1]}