{"position": [0.09768178750953409, -0.0766517156587565, 0.0325], "orientation": [0.0, 0.0, 0.8338857274171054, 0.5519371283126774]}