{"position": [-0.0762948698758586, 0.07252187793081816, 0.0325], "orientation": [0, 0, 0, 1]}