{"position": [-0.016792974998373726, -0.11905020677280453, 0.0325], "orientation": [0, 0, 0, 1]}