{"position": [-0.04579131164085704, -0.025016931176757306, 0.0325], "orientation": [0.0, 0.0, 0.34955519912214095, 0.936915771436622]}