{"position": [0.1005486180903055, -0.051023882579935016, 0.0325], "orientation": [0, 0, 0, 1]}