{"position": [-0.015841906840686395, -0.05945745195089196, 0.0325], "orientation": [0.0, 0.0, 0.8958528479958117, 0.4443508464465812]}