{"position": [0.06152357712168041, 0.06928792340402753, 0.0325], "orientation": [0.0, 0.0, 0.9626681730973629, -0.27068429674694083]}