{"position": [-0.09096321591559962, -0.016170889812676864, 0.0325], "orientation": [0, 0, 0, 1]}