{"position": [-0.06957526697768489, 0.09525125089050196, 0.0325], "orientation": [0, 0, 0, 1]}