{"position": [0.03282718719174345, -0.05020535324160555, 0.0325], "orientation": [0.0, 0.0, 0.9925173379106663, -0.12210378350699908]}