{"position": [-0.03082904710312368, 0.04925935204482391, 0.0325], "orientation": [0.0, 0.0, 0.8519799792495527, 0.5235743643055222]}