{"position": [-0.08945665811588228, -0.01811525249232618, 0.0325], "orientation": [0, 0, 0, 1]}