{"position": [-0.08699375568781176, -0.07636493256254984, 0.0325], "orientation": [0.0, 0.0, 0.05168907449490835, 0.9986632263069767]}