{"position": [0.05041422544117161, -0.1043182490117579, 0.0325], "orientation": [0.0, 0.0, 0.25532125678505574, -0.9668562746518738]}