{"position": [0.08931987899025662, -0.07414498366810386, 0.0325], "orientation": [0, 0, 0, 1]}