{"position": [0.07919900257271209, 0.057656897988781625, 0.0325], "orientation": [0.0, 0.0, 0.732306041534627, 0.6809756688251684]}