{"position": [0.011212153424069941, -0.12320327743999121, 0.0325], "orientation": [0.0, 0.0, 0.3614950197374206, -0.932374040128232]}