{"position": [0.05156567615067901, -0.023772586912221012, 0.0325], "orientation": [0.0, 0.0, 0.6857628454787488, -0.7278250612344217]}