{"position": [-0.05677532558431451, -0.11072489368577607, 0.0325], "orientation": [0.0, 0.0, 0.27921450076278387, 0.9602287553306188]}