{"position": [0.028045538917102666, -0.012357804852327762, 0.0325], "orientation": [0, 0, 0, 1]}