{"position": [-0.043089478203229774, 0.006895464099690821, 0.0325], "orientation": [0.0, 0.0, 0.6903598711162753, -0.7234661349035764]}