{"position": [-0.09267498243921082, -0.06725315167688592, 0.0325], "orientation": [0, 0, 0, 1]}