{"position": [-0.026061520054901807, 0.12038048718001569, 0.0325], "orientation": [0, 0, 0, 1]}