{"position": [-0.09176239385076508, -0.02359356233973327, 0.0325], "orientation": [0, 0, 0, 1]}