{"position": [-0.10384270378299763, -0.0700469485083146, 0.0325], "orientation": [0, 0, 0, 1]}