{"position": [0.03696212899434015, 0.049239681890616394, 0.0325], "orientation": [0, 0, 0, 1]}