{"position": [0.09641615906024277, 0.07828315178542594, 0.0325], "orientation": [0.0, 0.0, 0.7480782041701854, -0.6636105789131983]}