{"position": [0.023910372477199255, 0.028086595192673012, 0.0325], "orientation": [0, 0, 0, 1]}