{"position": [0.12341586170966183, -0.039403226176650784, 0.0325], "orientation": [0, 0, 0, 1]}