{"position": [0.07901063120437592, 0.08397320463599965, 0.0325], "orientation": [0.0, 0.0, 0.006815396249971593, -0.9999767749172757]}