{"position": [0.09238894010372634, 0.056037055387763025, 0.0325], "orientation": [0.0, 0.0, 0.47671939419510784, -0.8790555268003548]}