{"position": [0.10352712541678492, 0.08916611504716974, 0.0325], "orientation": [0, 0, 0, 1]}