{"position": [0.04627865705257368, 0.07993798232579148, 0.0325], "orientation": [0.0, 0.0, 0.9919868902757721, 0.12634084660553477]}