{"position": [-0.11853162655256982, 0.06977888125401717, 0.0325], "orientation": [0.0, 0.0, 0.9987011228191238, -0.05095161704814925]}