{"position": [0.0030419989010730267, 0.0026895687264533, 0.0325], "orientation": [0, 0, 0, 1]}