{"position": [-0.01019966775246225, -0.05787436402182042, 0.0325], "orientation": [0, 0, 0, 1]}