{"position": [0.07456275043774131, -0.11017949495598464, 0.0325], "orientation": [0.0, 0.0, 0.6269450408024532, -0.7790634863817008]}