{"position": [-0.055285630154732424, 0.03519493769469515, 0.0325], "orientation": [0.0, 0.0, 0.8318334596474253, 0.5550253106039358]}