{"position": [0.07531705388574318, -0.10975599220154315, 0.0325], "orientation": [0, 0, 0, 1]}