{"position": [-0.08329966646688232, -0.041953049085870844, 0.0325], "orientation": [0.0, 0.0, 0.3752403157262043, -0.9269275621394039]}