{"position": [0.12306171910475153, -0.06164720512076788, 0.0325], "orientation": [0, 0, 0, 1]}