{"position": [0.08305793185420383, -0.023119865319506952, 0.0325], "orientation": [0, 0, 0, 1]}