{"position": [0.064335009258726, 0.04794040868026043, 0.0325], "orientation": [0.0, 0.0, 0.37331051261521575, -0.927706452047718]}