{"position": [-0.047046884862006644, -0.06991468623062919, 0.0325], "orientation": [0.0, 0.0, 0.9850322821828621, -0.1723699598469012]}