{"position": [0.028453437341456105, 0.012207099805052708, 0.0325], "orientation": [0, 0, 0, 1]}