{"position": [0.06864141084424338, 0.07725391179325689, 0.0325], "orientation": [0, 0, 0, 1]}