{"position": [0.04679873837216745, 0.04128231540692739, 0.0325], "orientation": [0.0, 0.0, 0.4503952926329884, -0.8928292560025376]}