{"position": [0.023606365592062122, 0.04626125261574694, 0.0325], "orientation": [0.0, 0.0, 0.7179890162626661, -0.6960544321575497]}