{"position": [-0.05891987572094979, 0.05057762774721468, 0.0325], "orientation": [0.0, 0.0, 0.8578125230307904, -0.5139627178420142]}