{"position": [0.05381122646593521, -0.017579500914177915, 0.0325], "orientation": [0.0, 0.0, 0.29602515926406675, -0.9551801427388887]}