{"position": [0.03318717695486949, -0.049212706147697995, 0.0325], "orientation": [0, 0, 0, 1]}