{"position": [0.07567010048157859, 0.09173614141205151, 0.0325], "orientation": [0, 0, 0, 1]}