{"position": [-0.02658241763175719, -0.028251043480077707, 0.0325], "orientation": [0, 0, 0, 1]}