{"position": [0.07334403965812238, 0.08634357385253748, 0.0325], "orientation": [0.0, 0.0, 0.13638042282179066, -0.9906565400132125]}