{"position": [0.010808890781952624, -0.05200959353049762, 0.08971740522220374], "orientation": [0.9367198429274831, -0.3101071261893732, 0.15563005546461123, 0.046570290836129714]}