{"position": [0.015562933192119993, -0.05433784773285891, 0.08283619143347222], "orientation": [-0.6148018050404219, -0.6874710326796357, 0.010760054587567784, -0.3863761651172427]}