{"position": [0.10702613391661947, 0.08338193863087702, 0.06946285422623727], "orientation": [-0.37797718076585246, 0.017492083167582106, 0.1306487138033814, 0.9163832121052189]}