{"position": [0.10017660560798382, 0.05566818930107116, 0.09459029318901693], "orientation": [0.11549453573822716, 0.2340886025950866, -0.6690356806865213, 0.6958841831210235]}