{"position": [0.05173677399749275, -0.10912242231620374, 0.0325], "orientation": [0.0, 0.0, 0.5306593414998835, -0.847585195292432]}