{"position": [0.02240378572453352, -0.04940016385797952, 0.0325], "orientation": [0.0, 0.0, 0.7805444282895265, -0.6251003083235331]}