{"position": [0.09187827934606677, 0.061397140883142846, 0.0855888599850578], "orientation": [0.6215158755405761, 0.6207640626240601, 0.19777630567294605, 0.43503393881381736]}