{"position": [0.0820707940986854, -0.00698042316182047, 0.0325], "orientation": [0.0, 0.0, 0.5176002293001295, 0.8556225818831884]}