{"position": [-0.033767771395900766, 0.01241521709142606, 0.07062483920122803], "orientation": [-0.7513092705319134, -0.07429445036137186, 0.2792037739298342, -0.5933464142317234]}