{"position": [0.049038958282500496, -0.00418420562049946, 0.0325], "orientation": [0.0, 0.0, 0.7843566529859982, -0.620310116729207]}