{"position": [0.026602805263296673, 0.0945639916016662, 0.0325], "orientation": [0.0, 0.0, 0.299685020559185, 0.9540382007301599]}