{"position": [0.09170835617174025, 0.015013105521860625, 0.07614841092776835], "orientation": [-0.008833059674704113, -0.08475235929034623, -0.1482554888326152, -0.9852711934703591]}