{"position": [0.024076441967755817, 0.03102752299442051, 0.06362511862595513], "orientation": [-0.9059124466391582, 0.3167451099527316, 0.08494856328348376, 0.2679158747468288]}