{"position": [0.08156559642985194, 0.03186338115769847, 0.0325], "orientation": [0.0, 0.0, 0.17420476899391854, 0.9847094487511407]}