{"position": [-0.05154439376523099, 0.03354690717919765, 0.0325], "orientation": [0.0, 0.0, 0.09211348119232012, -0.9957485157320758]}