{"position": [-0.1245446310365517, 0.014821430832882251, 0.0325], "orientation": [0.0, 0.0, 0.23248417503739327, 0.9726001790855185]}