{"position": [-0.019889013069403612, -0.0816325412708818, 0.05865609406939589], "orientation": [0.4369830230933197, 0.8549423449416713, 0.07705389035917905, -0.26866730790026366]}