{"position": [0.09444198199500277, -0.0895309364772842, 0.0325], "orientation": [0.0, 0.0, 0.9953106188212677, -0.09673040918772768]}