{"position": [-0.07952487645869938, 0.019571825783578894, 0.08732278993326577], "orientation": [-0.5532137586656762, 0.5169627978492609, -0.4815493678330946, 0.4413776265313028]}