{"position": [-0.024039053619451755, 0.12937632645611227, 0.06432242662763131], "orientation": [0.09931868223134753, -0.1473972290033416, 0.6623429565931309, -0.7278129320735068]}