{"position": [-0.04687596093267492, -0.08845295219126305, 0.0325], "orientation": [0.0, 0.0, 0.5598511002493898, 0.828593232864925]}