{"position": [-0.05069342527188937, 0.12060818301601504, 0.08250080818004782], "orientation": [-0.8901845438394558, -0.15022181429465098, 0.1378643946325026, 0.4074288810479408]}