{"position": [-0.03945406718906135, 0.04043887248513258, 0.0325], "orientation": [0.0, 0.0, 0.9689788088412741, -0.2471438205105393]}