{"position": [0.06675332517535493, 0.030792597054303265, 0.06385595148033349], "orientation": [-0.5203092131905518, -0.37378988345144876, 0.023355226459718135, -0.7674724614573454]}