{"position": [-0.11762813790712956, 0.011420738879423424, 0.0325], "orientation": [0.0, 0.0, 0.433011424879995, -0.9013884323217136]}