{"position": [0.0873594402307871, -0.09744088769536974, 0.0325], "orientation": [0.0, 0.0, 0.9388026492312975, -0.34445549174936557]}