{"position": [0.12067776945816736, 0.01767461344351852, 0.07027551536671484], "orientation": [0.9542227772218401, 0.21776067553956638, 0.08796043936736896, 0.18520837110100988]}