{"position": [0.06970209431892956, 0.11235874162398284, 0.07864748443629249], "orientation": [-0.3992835432788275, 0.11340252842193366, 0.8999812484819586, -0.1332151305035285]}