{"position": [-0.07061080673023916, -0.018862372379335607, 0.09420416151282635], "orientation": [-0.4674177978499872, 0.764671755002033, -0.2681153642301048, -0.35342872098760986]}