{"position": [0.0940895670936868, 0.09490053180501011, 0.06518940309932961], "orientation": [-0.4686167769940755, -0.028410872322995627, -0.22007150289573738, -0.8550787520847088]}