{"position": [-0.11990677207835779, 0.031036711737706592, 0.07415713002318408], "orientation": [0.22364197169042818, -0.42695375498243676, -0.37756057164607526, 0.7906597083088932]}