{"position": [0.10230674572444005, 0.05068577930142915, 0.0325], "orientation": [0.0, 0.0, 0.8713205750851473, -0.4907142299070695]}