{"position": [0.013350300934706023, -0.10867512480772093, 0.0325], "orientation": [0.0, 0.0, 0.5892926909067208, -0.8079196274654528]}