{"position": [-0.1174130513658516, -0.07090428892399055, 0.07546606930647551], "orientation": [0.18524591891623782, -0.6507521313803808, -0.726054397073612, -0.12268099086184506]}