{"position": [0.04135298111361719, -0.09859935307765864, 0.07158885028166516], "orientation": [-0.9282576762939672, -0.31184552941390153, -0.07486999576040143, 0.18837339493868444]}