{"position": [-0.02656579418548282, 0.07923577859190065, 0.0325], "orientation": [0.0, 0.0, 0.9999051377235072, -0.013773726951486985]}