{"position": [0.01732629400899508, 0.058244097965506364, 0.0325], "orientation": [0.0, 0.0, 0.9612898509371878, 0.2755391487341848]}