{"position": [0.06134972445930597, 0.11856878865731833, 0.0325], "orientation": [0.0, 0.0, 0.44646295852596235, 0.8948021159252166]}