{"position": [-0.020936052357795748, 0.0755782876257715, 0.0325], "orientation": [0.0, 0.0, 0.8566742113709388, -0.5158578249595329]}