{"position": [-0.11652143379913657, 0.004347510943268634, 0.07830366954505458], "orientation": [-0.23352220140467167, 0.8884457507401562, 0.39361402903913484, 0.03463416790476394]}