{"position": [0.08826133372633232, 0.014414886726021994, 0.0325], "orientation": [0.0, 0.0, 0.9847707617012722, -0.17385783530889898]}