{"position": [-0.0042514938310694245, 0.019603546515953113, 0.0325], "orientation": [0.0, 0.0, 0.4182166177840479, -0.9083473237750368]}