{"position": [-0.11586086444831875, -0.03194700738426202, 0.09859031809071862], "orientation": [0.3595170967703845, -0.7946813417630908, 0.36266020736980353, 0.3281868312012211]}