{"position": [0.07704889665599085, 0.09341378809667637, 0.0325], "orientation": [0.0, 0.0, 0.796344092991189, -0.6048438522114947]}