{"position": [-0.046896471477025956, -0.0857430796276222, 0.06006477063365076], "orientation": [-0.26793101833829125, 0.09484286248590408, -0.9583846363237748, -0.02677106098443231]}