{"position": [0.09263249895608515, -0.04099832511452632, 0.0325], "orientation": [0.0, 0.0, 0.013505529736930767, 0.9999087961741935]}