{"position": [-0.11786995790385454, -0.03531263385863517, 0.08150310956853984], "orientation": [0.5501248207725319, -0.14212485140724596, 0.6679579010393849, -0.48061986082715835]}