{"position": [0.10482000897818543, 0.008723018193224021, 0.0325], "orientation": [0.0, 0.0, 0.11526278491289559, -0.9933350343233261]}