{"position": [-0.08615446662026664, -0.004606700233262664, 0.09231607333595643], "orientation": [-0.4631423691596104, -0.38515743202770886, 0.6997925134441658, 0.3839835108055306]}