{"position": [-0.10466610311296282, 0.011682680715110158, 0.0325], "orientation": [0.0, 0.0, 0.31707367407186204, 0.9484009095369799]}