{"position": [-0.042176324717128566, 0.014768077560823795, 0.06684631245068744], "orientation": [0.35937120833276487, -0.1634053189934605, 0.6397672473386337, -0.6594307435802805]}