{"position": [0.08416242868667978, 0.093808919868384, 0.0325], "orientation": [0.0, 0.0, 0.744617733879779, -0.6674911463021382]}