{"position": [0.10322610363797732, 0.03300585656714951, 0.08535560121950923], "orientation": [-0.15780228658063347, 0.5020337635084564, 0.3212332721517867, 0.7873180574012735]}