{"position": [0.043704661528965676, 0.056203096519457076, 0.0977110595763487], "orientation": [-0.6454463074557945, 0.5140468441943494, 0.5479183816068318, -0.13762395599190122]}