{"position": [-0.1015901748865765, 0.057530864091419526, 0.0325], "orientation": [0.0, 0.0, 0.7503129772230777, 0.6610827756118302]}