{"position": [-0.07648727483121283, 0.027963587787229086, 0.0325], "orientation": [0.0, 0.0, 0.3697640375457485, 0.9291256946925245]}