{"position": [-0.12164686803476796, -0.016582050807976263, 0.07521114840089042], "orientation": [-0.1772220736539983, 0.7619861397459529, 0.35370958794877655, -0.5126977538842401]}