{"position": [0.035899725010117664, -0.06599284163526976, 0.0325], "orientation": [0.0, 0.0, 0.5504768658046278, -0.8348504178677243]}