{"position": [0.05040872636274131, -0.12566207761336048, 0.07785837078746251], "orientation": [-0.33111147597580376, -0.4613294529832832, -0.07284673048396267, -0.8198985791822464]}