{"position": [-0.04639858638530278, 0.0278442761305465, 0.0325], "orientation": [0.0, 0.0, 0.8977548039137877, -0.44049553011320847]}