{"position": [0.06199885500378358, 0.07236053668085903, 0.0325], "orientation": [0.0, 0.0, 0.99702995511411, -0.07701472979343556]}