{"position": [0.1003458685983162, -0.03367024381662638, 0.0325], "orientation": [0.0, 0.0, 0.17575098130004216, 0.9844346563241626]}