{"position": [-0.07984992254823076, -0.07674469821186786, 0.0325], "orientation": [0.0, 0.0, 0.9606248359961522, -0.2778487438650132]}