{"position": [0.06117114829714486, -0.0501114636847697, 0.0325], "orientation": [0.0, 0.0, 0.22966124772885768, 0.9732706259266352]}