{"position": [-0.02283812190695551, 0.11556094438835712, 0.0738745106685705], "orientation": [-0.7896031656964371, -0.4998388511152451, -0.240298069832768, -0.2625734207276183]}