{"position": [-0.05021094701980734, -0.04911611178721147, 0.09066833987859521], "orientation": [0.9941043981013726, 0.08915253016316232, 0.0032246296159451605, 0.061626891896754195]}