{"position": [0.026644701698640184, -0.052320719922552, 0.0325], "orientation": [0.0, 0.0, 0.6634409029835686, -0.7482286871327156]}