{"position": [0.019239471245584627, -0.132193669937587, 0.0325], "orientation": [0.0, 0.0, 0.6230117535840691, -0.7822124742652108]}