{"position": [0.05127852542517642, 0.012813224188590351, 0.0325], "orientation": [0.0, 0.0, 0.666307734667996, -0.745676875544363]}