{"position": [-0.012757142272328785, -0.049919608197854626, 0.07658731605341818], "orientation": [-0.18084938769539663, -0.38529158370254024, -0.1462795866595385, 0.8929984193854451]}