{"position": [0.019025269200213586, -0.014355179326986508, 0.0325], "orientation": [0.0, 0.0, 0.6860658259843484, -0.72753947138036]}