{"position": [-0.03817239314417131, -0.05825997114431568, 0.0952312990478554], "orientation": [0.07092051448493474, 0.7977065997980932, 0.18662458246861097, -0.5690393013511226]}