{"position": [-0.03643187517750416, 0.029218766490791682, 0.0325], "orientation": [0.0, 0.0, 0.4045182234162342, 0.9145299376861173]}