{"position": [0.01738561607644312, -0.05633585295903861, 0.08714681666040491], "orientation": [0.2910021464760111, -0.2851932896986409, 0.8629194966686888, -0.2989188527448179]}