{"position": [-0.09626610625292623, 0.0766352134088615, 0.07672905157372535], "orientation": [-0.020158958157898997, 0.7970059322516058, -0.50871020273896, 0.32494474913594656]}