{"position": [0.0193852521291696, -0.05862239196260266, 0.06318504182667814], "orientation": [-0.4495739989948797, 0.8705333516342252, -0.09342208805946355, -0.17699496202673234]}