{"position": [0.10456392524861267, -0.05297367668614862, 0.05691678566145159], "orientation": [0.46297629571774207, 0.1565336571599278, -0.11621343709791812, -0.8646644440576381]}