{"position": [0.12910526611787262, 0.03838206685614668, 0.08964942955021359], "orientation": [-0.6971180557909152, -0.46379020959429457, -0.17327382788145956, -0.5185568805310379]}