{"position": [-0.07987995168057088, -0.035892476794113504, 0.0668829639891564], "orientation": [-0.4101094337562313, -0.8687750022359605, -0.2771402913852612, 0.015280926835198393]}