{"position": [0.06247779918796126, 0.013485585516475515, 0.09799931505028357], "orientation": [0.9435911822521349, -0.2603747514377349, -0.18736944975449743, -0.08205704654966148]}