{"position": [-0.034607974820547456, -0.025596338720559896, 0.09338851982959695], "orientation": [-0.4777350376327916, -0.8191450538803856, -0.21224402238342174, 0.23605738599713608]}