{"position": [-0.1153452535616121, -0.06073481147996137, 0.09314364724146526], "orientation": [0.35853567391691227, -0.5712625794962657, 0.2226015206499208, 0.7039600832437598]}