{"position": [-0.004447542966189785, -0.05885679321071189, 0.0325], "orientation": [0.0, 0.0, 0.8232210600435299, 0.5677209581306708]}