{"position": [-0.02002251194558649, 0.08725898147915413, 0.071182939643049], "orientation": [-0.34169170794363596, 0.393225355391029, -0.8346192248978466, -0.17897303157480945]}