{"position": [0.05660365476972399, -0.06928689817628093, 0.09218709360522342], "orientation": [0.05929880023279718, -0.23947755584740146, -0.2942565727863279, -0.9233348373739345]}