{"position": [-0.03296657058085148, 0.07095667076680066, 0.08890511336060937], "orientation": [-0.2860197221226847, 0.35250985220769687, -0.8560890830344464, 0.2470647780696607]}