{"position": [-0.0290309698207089, -0.07299829905740222, 0.0325], "orientation": [0.0, 0.0, 0.3167770461579579, -0.9485000279533148]}