{"position": [0.0975657654604077, -0.050826901096642535, 0.0325], "orientation": [0.0, 0.0, 0.257126105834325, -0.9663778586549236]}