{"position": [0.003786908513375577, 0.12804898826114725, 0.0325], "orientation": [0.0, 0.0, 0.9038878345213115, 0.4277695438017697]}