{"position": [-0.05562172947849075, -0.11201920760610075, 0.0325], "orientation": [0.0, 0.0, 0.8570720445392245, -0.5151965745900816]}