{"position": [-0.025296702409038172, -0.03882362121638847, 0.0325], "orientation": [0.0, 0.0, 0.6541788449366047, 0.7563398963676382]}