{"position": [-0.07801073088997715, -0.028171476303483687, 0.08930486220865957], "orientation": [-0.46397324521373173, 0.22806644503030238, -0.6932371496632059, -0.5021322322893763]}