{"position": [-0.07272756297743538, 0.030728723060111002, 0.0933407049630106], "orientation": [0.04410497836921694, -0.30640258448058044, 0.4929929577852153, 0.8130991026196355]}