{"position": [-0.08190194332152842, 0.01406603546598909, 0.06101709079194176], "orientation": [0.021027941123078694, -0.1775693620305625, -0.06251436092310034, 0.9818955657495148]}