{"position": [-0.00900612013372244, 0.03238657636500202, 0.0325], "orientation": [0.0, 0.0, 0.6284136347900147, -0.7778793631470127]}