{"position": [-0.08825991705069995, 0.006842775428286289, 0.0325], "orientation": [0.0, 0.0, 0.12408051978784433, -0.9922721524910282]}