{"position": [-0.0897915193775886, -0.10349660797228054, 0.0325], "orientation": [0.0, 0.0, 0.14156019591692848, -0.9899296494862455]}