{"position": [-0.057283647967859494, -0.018287492074868263, 0.058228197840018495], "orientation": [-0.13407287194414655, 0.8536418698155032, -0.4600444131809594, -0.20415474769773675]}