{"position": [-0.008272749073775763, 0.05545356214437023, 0.0325], "orientation": [0.0, 0.0, 0.8011420405153777, -0.5984742525112144]}