{"position": [-0.08547013948609745, 0.07490755626479359, 0.0325], "orientation": [0.0, 0.0, 0.4557526197960098, 0.8901064821408019]}