{"position": [-0.05027026316223413, -0.09732334758480006, 0.06008269638005886], "orientation": [0.623658202600778, 0.6780019996841808, 0.09515746976424293, -0.37723837384482284]}