{"position": [-0.07618325893836672, -0.01980035799187234, 0.0325], "orientation": [0.0, 0.0, 0.054662802167037346, -0.9985048713247459]}