{"position": [0.016746962064982683, 0.1106124248986668, 0.06407525937834978], "orientation": [0.4080915695608714, 0.059091630436969876, 0.1987369632094696, 0.8890855243000658]}