{"position": [0.03098625395113345, -0.07897728819876773, 0.07612775017199644], "orientation": [0.5604526891414178, -0.6602845669413318, -0.15616045726106587, -0.47490102703749343]}