{"position": [-0.05321584590846559, 0.10290918262842298, 0.05838948489609207], "orientation": [0.23985772672119088, 0.15331026938845127, -0.8836650892969353, -0.37161840937986695]}