{"position": [0.09198263549512867, 0.10009280154002313, 0.0325], "orientation": [0.0, 0.0, 0.8789587233468323, 0.4768978534786109]}