{"position": [-0.002724269640604975, -0.12437864033340516, 0.09265088247863126], "orientation": [0.8071246208117957, 0.3951812767085796, 0.2591674692115015, 0.353855659727095]}