{"position": [-0.03914951875912878, 0.05752293702996738, 0.06289189974492237], "orientation": [-0.5814023621304438, -0.06875419153020709, 0.23209085607874194, -0.7767740913423957]}