{"position": [-0.042795645053013774, -0.12177409622876989, 0.08642679504063969], "orientation": [0.23183191686565408, -0.64351554947613, 0.2786249824503272, 0.6741734339614591]}