{"position": [0.11273642820392546, -0.07195147539396612, 0.0325], "orientation": [0.0, 0.0, 0.30150935021732156, -0.9534632199154451]}