{"position": [0.0213143695113762, -0.11499169636175484, 0.0325], "orientation": [0.0, 0.0, 0.401391708619235, -0.9159064888140771]}