{"position": [0.10436892558195092, 0.08082094464186637, 0.0325], "orientation": [0.0, 0.0, 0.9400035145320291, 0.3411647588298551]}