{"position": [0.03645306864510743, -0.053729544693725234, 0.0325], "orientation": [0.0, 0.0, 0.7857831734374012, -0.6185020649461463]}