{"position": [-0.053431143078086094, 0.07619955638372485, 0.0325], "orientation": [0.0, 0.0, 0.9077144413090664, -0.419588480584214]}