{"position": [-0.010021553225138723, 0.13007799014338903, 0.09580194897918906], "orientation": [-0.29011502838403713, -0.09857790079843792, -0.8260024956940837, 0.4731126133248277]}