{"position": [-0.022623082563746885, -0.10125966468143696, 0.06693216764643523], "orientation": [0.25133367435599724, 0.8951863316386115, -0.1775291014311278, -0.32242244637614126]}