{"position": [-0.04715175524559717, -0.0009466512475683893, 0.0325], "orientation": [0.0, 0.0, 0.48856084369028707, 0.8725298287237147]}