{"position": [-0.10325563630171833, -0.01318306212595698, 0.0325], "orientation": [0.0, 0.0, 0.9533761328270843, 0.3017846075525949]}