{"position": [0.06553969324640992, 0.06388749004261166, 0.0935555691675082], "orientation": [0.2646158222159155, 0.5263548918473548, 0.29777470700967434, 0.7511718966565889]}