{"position": [-0.020068656139768812, -0.04923955265277268, 0.0325], "orientation": [0.0, 0.0, 0.12671144528495665, 0.991939619953653]}