{"position": [0.08921403463826484, 0.0594387561551028, 0.0325], "orientation": [0.0, 0.0, 0.6779290597192564, -0.7351273290989562]}