{"position": [0.03953757694694361, 0.00808608538842813, 0.0325], "orientation": [0.0, 0.0, 0.8911282435127128, -0.4537515329053415]}