{"position": [-0.07286306468055426, 0.05552067115971352, 0.06749922984613858], "orientation": [0.4050399973928541, -0.7537496674058959, 0.08715674304223392, -0.5101056180241186]}