{"position": [0.026239389150879942, -0.051557050173696266, 0.0325], "orientation": [0.0, 0.0, 0.9993471568239467, -0.0361283842413975]}