{"position": [-0.012680878559135172, -0.09151961020674027, 0.08683384318938228], "orientation": [0.7669434227532058, 0.48161343179823335, 0.1810786329337794, 0.3834798786141972]}