{"position": [-0.04948515023910777, -0.09493746746190289, 0.0325], "orientation": [0.0, 0.0, 0.9768533980927572, 0.2139098843780561]}