{"position": [0.028349021243124776, -0.11623749004571675, 0.0325], "orientation": [0.0, 0.0, 0.561195078347437, 0.8276835651615985]}