{"position": [0.036298314669511285, 0.0900010881152807, 0.0325], "orientation": [0.0, 0.0, 0.6910719142616436, 0.7227860052039936]}