{"position": [0.09559925615590598, 0.03044192434890972, 0.0325], "orientation": [0.0, 0.0, 0.961594077630624, -0.274475554222429]}