{"position": [-0.10936955372062818, -0.05835721142528466, 0.06779190051298445], "orientation": [0.26481991657906223, 0.5887757450537384, 0.1415252009559612, -0.7504559622748351]}