{"position": [-0.10925194688136979, 0.00839919440458105, 0.07594504081575441], "orientation": [0.2339962916671175, -0.2100894882429616, -0.9340151809821277, -0.16948092550718247]}