{"position": [-0.08552660597983283, -0.10462068835085131, 0.0325], "orientation": [0.0, 0.0, 0.38629277645909854, -0.922376219801617]}