{"position": [0.02972095646796854, 0.13488556257579695, 0.0902924571171986], "orientation": [0.6379624524732191, 0.3014417965497115, 0.5941068973753949, -0.38623017362477]}