{"position": [0.09607434868248176, 0.004356561866796539, 0.09815023425582359], "orientation": [-0.9164522516332692, 0.2855808249586306, -0.16612271572094045, 0.22574788196959586]}