{"position": [0.057679048972746956, -0.10287788787491052, 0.09756714161616259], "orientation": [0.7094556367095318, 0.5528314571986813, 0.43705722849918943, -0.005573014378458669]}