{"position": [0.04587548545920959, -0.041551488793056875, 0.08374291764006171], "orientation": [-0.657347838637506, 0.35638910686366787, 0.5963007171853626, 0.2920720428793874]}