{"position": [-0.014085680568790632, 0.0288891017490932, 0.05797073156220492], "orientation": [-0.602660868338258, -0.2856680373403114, -0.7262314257683806, 0.16667803227281075]}