{"position": [-0.08535752123974233, 0.03627320026583274, 0.09502119300545758], "orientation": [0.41945585193574814, -0.22255883975727156, -0.5607468075129179, 0.678297404526085]}