{"position": [0.06526905159621063, -0.04781553659217705, 0.0325], "orientation": [0.0, 0.0, 0.9674200945079906, -0.2531765406631321]}