{"position": [-0.04113161005855926, -0.07888985255122166, 0.0325], "orientation": [0.0, 0.0, 0.02777994495475723, 0.9996140628554155]}