{"position": [0.03012473801594665, 0.03165025515046055, 0.08683687979680571], "orientation": [0.05234106710569105, 0.09140370938698206, 0.6324391008815328, 0.7674155056295748]}