{"position": [-0.007908474883996259, 0.07684486104595531, 0.0325], "orientation": [0.0, 0.0, 0.9922982913955402, 0.12387130778954324]}