{"position": [0.061957852921158324, 0.03592395397091331, 0.0325], "orientation": [0.0, 0.0, 0.403747278919698, 0.914870556289216]}