{"position": [0.0896371481260082, -0.014652879691768523, 0.0325], "orientation": [0.0, 0.0, 0.9954649220626769, -0.09512932745872085]}