{"position": [-0.01966419575639308, -0.03128752666360018, 0.06148235677507967], "orientation": [-0.7631147801071368, -0.38911734321698793, -0.5129494775516746, -0.05591385400107091]}