{"position": [-0.03842486688065798, 0.029264066947765, 0.07024848130131879], "orientation": [0.025007439003014383, 0.15301368819919725, 0.8207936170732685, 0.5497811177095574]}