{"position": [0.09301155650816359, -0.005659216060122528, 0.06636394507239166], "orientation": [0.5599816936268505, 0.23795659510705633, -0.6323550829723042, -0.47950412999988945]}