{"position": [-0.02401068287635912, 0.08009068329291663, 0.08105202648958057], "orientation": [0.31520352517697847, -0.16754492448101063, 0.41139355364021774, 0.8386481860827767]}