{"position": [0.01228563547270766, 0.0398898748190759, 0.07484355393214256], "orientation": [-0.495115163459119, 0.37628611080555774, 0.7816676809297608, -0.047595948541521015]}