{"position": [-0.032240811056399185, 0.05562829861256977, 0.0325], "orientation": [0.0, 0.0, 0.1499280594559295, 0.9886969085557915]}