{"position": [0.036676616337635026, -0.0964321120786727, 0.07103367943540795], "orientation": [0.18078858662898178, 0.02896747254084644, 0.41763697698603436, -0.889975127704846]}