{"position": [0.009298708113251343, -0.10444867666777924, 0.0325], "orientation": [0.0, 0.0, 0.7949616649764333, 0.606659666714293]}