{"position": [0.08134696004070142, 0.09584045482847618, 0.0325], "orientation": [0.0, 0.0, 0.9918684752497926, 0.12726715132213678]}