{"position": [0.0728233778380283, 0.07527181427715265, 0.06559690266933996], "orientation": [-0.030864984204762247, 0.14088178618484298, -0.8643196436778869, 0.4818207432478789]}