{"position": [-0.04664231154029293, -0.05174404958317641, 0.09362542054569956], "orientation": [0.4258779161242399, -0.28091617903587457, 0.31054823306916174, -0.8020435747833037]}