{"position": [0.017200660963442804, -0.03378279574281129, 0.07542424870533804], "orientation": [0.6303670731572801, -0.6471341578940027, 0.12274925904242084, 0.41083738166150446]}