{"position": [-0.03100702494477202, 0.09448181345310618, 0.0325], "orientation": [0.0, 0.0, 0.9838757886546438, 0.178853103129923]}