{"position": [0.08147458018307209, -0.08331045100859459, 0.0325], "orientation": [0.0, 0.0, 0.15642784151694303, -0.9876893896354005]}