{"position": [0.03711670496274279, 0.02076891467126052, 0.0325], "orientation": [0.0, 0.0, 0.4408674870339311, 0.8975722025978672]}