{"position": [-0.06388156280085336, 0.02376656659463601, 0.0325], "orientation": [0.0, 0.0, 0.9266705013284897, 0.3758746891819207]}