{"position": [0.0017962214003799624, 0.06926463423371061, 0.0325], "orientation": [0.0, 0.0, 0.9856530011525054, 0.1687843633724968]}