{"position": [0.10592739241431706, 0.08220935934287296, 0.0325], "orientation": [0.0, 0.0, 0.8880261694909217, 0.4597929124065319]}