{"position": [-0.07063414991616954, -0.051084526180790645, 0.062417784490857], "orientation": [-0.7234972117492426, -0.4996958545838659, 0.1788697818398949, -0.44143112559868236]}