{"position": [-0.047107003463324804, -0.044334431721416705, 0.06299529796495047], "orientation": [0.08434885934669831, -0.5878529849988984, 0.6341412504418545, 0.49515554368585724]}