{"position": [-0.08696257111540752, -0.03732455066539658, 0.0325], "orientation": [0.0, 0.0, 0.13843433600963012, -0.9903716144021762]}