{"position": [0.019097745272114938, -0.04944832996625956, 0.08469735955116114], "orientation": [0.12984013356289018, 0.7879404524083718, -0.5257666202806149, 0.2930202112031879]}