{"position": [-0.057576479575867964, 0.00021950452165038874, 0.05923166243936712], "orientation": [-0.09863389108603125, 0.472148562844639, -0.860835642448515, -0.1622007608589536]}