{"position": [-0.03763314049721057, -0.04417475400885355, 0.0325], "orientation": [0.0, 0.0, 0.9831028917623262, 0.18305382871863624]}