{"position": [-0.1093571006757555, 0.004879957705050723, 0.0325], "orientation": [0.0, 0.0, 0.8150782046347812, 0.579350947465646]}