{"position": [0.0830547969073822, -0.094741187725406, 0.0665817559103431], "orientation": [-0.4907172135115376, -0.8298217589914686, -0.2566362114594625, -0.06877731919398368]}