{"position": [-0.050602563472423194, -0.10983855952975863, 0.07942163432551543], "orientation": [0.7485225027308862, 0.29430859607190973, -0.09296614378424062, 0.5869018736497267]}