{"position": [-0.11415668257236407, 0.03171068196850705, 0.0325], "orientation": [0.0, 0.0, 0.09313019481763408, -0.9956539392847444]}