{"position": [-0.06907362057786445, 0.08466905670441614, 0.0325], "orientation": [0.0, 0.0, 0.7256202842950004, 0.6880953444252059]}