{"position": [0.05272356097816383, 0.010450394348852695, 0.08962586678654594], "orientation": [0.04090478132209164, 0.5680732081325659, 0.6029862697230607, 0.55859393801977]}