{"position": [0.05697936486134077, 0.07888983050356084, 0.09175635388655379], "orientation": [-0.6657853542576981, -0.5009407538763033, -0.42719090425165374, 0.35113552153897326]}