{"position": [-0.009668979435404866, -0.1371197963536159, 0.05948666044689378], "orientation": [-0.29587133693682677, -0.06574018943638353, -0.06861488895499347, 0.9504895457004128]}