{"position": [0.0761824893065636, 0.04053204749028023, 0.0325], "orientation": [0.0, 0.0, 0.6997855092364355, 0.7143530227154518]}