{"position": [0.09652623059538606, 0.08791697336197851, 0.0325], "orientation": [0.0, 0.0, 0.7853783400207337, 0.6190160442397894]}