{"position": [0.057173701277659326, -0.07795966735576718, 0.05695784492644696], "orientation": [-0.24597724006998517, -0.12784921763471813, 0.6110172512492783, 0.7414901844215604]}