{"position": [0.07223919099461726, 0.06100351339723702, 0.07649525246299205], "orientation": [0.5007936106520848, -0.21707339746905088, 0.4032422709979242, 0.734493410808925]}