{"position": [-0.08763103197330009, 0.02497566676190262, 0.0325], "orientation": [0.0, 0.0, 0.6297644384256214, -0.7767861688357109]}