{"position": [0.10891374224962358, -0.05335234223295392, 0.06150002320363124], "orientation": [-0.5546131785752606, 0.7801718150647192, 0.21575870016663548, -0.19283242577863188]}