{"position": [0.07966340524155782, 0.09548042422045461, 0.06344487485835797], "orientation": [0.14875215944587022, -0.14351387320968023, 0.9751729042911877, 0.07946301021756033]}