{"position": [-0.07624818117183284, 0.05778014775667057, 0.0325], "orientation": [0.0, 0.0, 0.924385344775293, -0.38146000362379096]}