{"position": [-0.02209721444422651, 0.01248033371710132, 0.09373661639549848], "orientation": [0.24505551289946034, -0.96830820804123, 0.04661443127278022, -0.012413888781514957]}