{"position": [-0.05209583373561354, -0.08181706749525869, 0.09409270135072825], "orientation": [0.5132055293706692, -0.4273449866247813, -0.29184700712586287, -0.6847055363159502]}