{"position": [0.05116771969130549, 0.010921921136187049, 0.06816323894522172], "orientation": [-0.23227231506164145, 0.8063471806770545, 0.46538064348451125, 0.281557547474781]}