{"position": [0.11176778320658509, 0.03493430524071296, 0.0325], "orientation": [0.0, 0.0, 0.36887581931887126, 0.9294786871799866]}