{"position": [0.031158168616407366, -0.1221763294899189, 0.0325], "orientation": [0.0, 0.0, 0.9048430733343571, -0.4257452438240916]}