{"position": [0.03155191201533745, -0.02487215013528281, 0.067418417590156], "orientation": [0.013306087585928543, 0.2724056901741807, -0.10931085295393814, -0.955860463362915]}