{"position": [-0.04999348394921402, -0.06849990090532043, 0.0970775476710033], "orientation": [0.2993123656879665, -0.6886892154423616, -0.6015053701708902, 0.2725996367114927]}