{"position": [0.032442884234704275, 0.029574614788658266, 0.09828599869501126], "orientation": [-0.08073561860027331, -0.21029672187375442, 0.96155294499288, -0.157076359245761]}