{"position": [-0.12401374486089972, -0.0018674083082601807, 0.0325], "orientation": [0.0, 0.0, 0.48826952860789813, 0.8726928826528958]}