{"position": [0.12412578888825726, 0.010791397784936266, 0.0325], "orientation": [0.0, 0.0, 0.9389923950770572, 0.34393790426100423]}