{"position": [0.06221489362668213, 0.032741839578664056, 0.0325], "orientation": [0.0, 0.0, 0.3154425841409868, 0.9489446644090773]}