{"position": [-0.05900296966811123, -0.12433238555781288, 0.0325], "orientation": [0.0, 0.0, 0.999889429730942, -0.014870383731825839]}