{"position": [-0.01860213077720808, -0.053782390442285125, 0.0325], "orientation": [0.0, 0.0, 0.6276718545647484, -0.7784780298680557]}