{"position": [0.06336802050703333, -0.07051440099273307, 0.0325], "orientation": [0.0, 0.0, 0.25698038135208356, 0.9664166200972217]}