{"position": [0.10140249283833731, -0.08336006792435932, 0.08317921314323223], "orientation": [0.026858629625638238, 0.3658404508578544, 0.5723530607097438, -0.7333834961511903]}